name,cluster
B11000005,E
B11000008,D
B11000010,D
B11000012,B
B11000021,C
B11000022,D
B11000031,E
B11000032,B
B11000033,C
B11000034,C
B11000040,C
B11000041,C
B11000044,C
B11000050,C
B11000052,C
B11000053,C
B11000059,C
B11000060,C
B11000065,C
B11000069,C
B11000072,C
B11000073,C
B11000074,C
B11000085,C
B11000091,C
B11000093,C
B11000094,C
B11000095,C
B11000096,C
B11000097,C
B11000100,C
B11000102,C
B11000103,C
B11000105,C
B11000108,C
B11000112,C
B11000116,C
B11000117,C
B11000121,C
B11000124,C
B11000125,C
B11000127,C
B11000137,C
B11000138,C
B11000140,C
B11000144,C
B11000148,C
B11000162,C
B11000164,C
B11000167,C
B11000173,C
B11000174,C
B11000182,C
B11000185,C
B11000193,C
B11000199,C
B11000202,C
B11000216,C
B11000219,C
B11000221,C
B11000223,C
B11000227,A
B11000228,C
B11000230,C
B11000233,C
B11000237,B
B11000242,C
B11000245,C
B11000246,B
B11000249,B
B11000251,B
B11000252,B
B11000253,B
B11000254,B
B11000255,B
B11000256,B
B11000260,C
B11000264,B
B11000265,C
B11000268,B
B11000269,C
B11000271,B
B11000272,B
B11000273,B
B11000274,C
B11000275,B
B11000276,C
B11000278,C
B11000280,C
B11000281,B
B11000284,B
B11000285,B
B11000286,B
B11000292,C
B11000295,C
B11000297,C
B11000298,C
B11000301,C
B11000303,C
B11000305,C
B11000306,C
B11000307,C
B11000308,E
B11000311,E
B11000314,E
B11000318,C
B11000319,C
B11000320,C
B11000324,C
B11000326,C
B11000328,B
B11000330,E
B11000331,E
B11000332,E
B11000334,C
B11000337,E
B11000340,D
B11000341,B
B11000342,E
B11000343,E
B11000344,E
B11000348,D
B11000351,B
B11000352,B
B11000353,B
B11000354,D
B11000355,D
B11000360,E
B11000361,C
B11000365,E
B11000369,E
B11000372,E
B11000374,C
B11000376,C
B11000377,D
B11000379,D
B11000380,C
B11000381,D
B11000382,D
B11000384,B
B11000386,D
B11000388,C
B11000392,C
B11000393,C
B11000395,C
B11000396,C
B11000397,C
B11000400,C
B11000401,C
B11000402,C
B11000404,C
B11000409,C
B11000411,C
B11000412,C
B11000414,C
B11000415,D
B11000426,C
B11000427,C
B11000428,C
B11000429,C
B11000430,C
B11000431,C
B11000432,C
B11000433,C
B11000436,C
B11000437,C
B11000438,C
B11000444,C
B11000446,C
B11000455,C
B11000478,C
B11000491,C
B11000492,C
B11000493,C
B11000494,C
B11000495,C
B11000496,C
B11000497,C
B11000498,C
B11000501,C
B11000502,C
B11000506,C
B11000507,C
B11000508,C
B11000514,C
B11000515,C
B11000516,C
B11000517,C
B11000519,C
B11000521,C
B11000523,C
B11000532,C
B11000533,C
B11000541,C
B11000547,C
B11000555,C
B11000558,C
B11000559,D
B11000562,C
B11000565,C
B11000566,C
B11000567,C
B11000569,C
B11000572,C
B11000575,C
B11000576,C
B11000577,C
B11000578,C
B11000579,C
B11000581,C
B11000586,C
B11000589,C
B11000590,C
B11000592,C
B11000593,C
B11000594,C
B11000597,C
B11000599,C
B11000600,C
B11000601,D
B11000602,C
B11000604,D
B11000606,E
B11000609,D
B11000613,E
B11000614,E
B11000617,D
B11000618,E
B11000619,D
B11000621,D
B11000622,D
B11000627,C
B11000629,C
B11000631,D
B11000632,D
B11000634,D
B11000635,C
B11000636,C
B11000637,C
B11000638,C
B11000639,C
B11000640,C
B11000641,C
B11000642,C
B11000654,B
B11000655,B
B11000656,C
B11000657,C
B11000658,C
B11000659,C
B11000660,B
B11000662,B
B11000663,C
B11000665,C
B11000666,B
B11000667,C
B11000676,C
B11000677,B
B11000678,D
B11000679,E
B11000680,C
B11000684,C
B11000685,B
B11000689,B
B11000700,B
B11000701,B
B11000702,B
B11000704,B
B11000706,B
B11000709,B
B11000710,B
B11000711,B
B11000712,B
B11000713,B
B11000714,B
B11000715,B
B11000716,B
B11000717,B
B11000720,C
B11000721,D
B11000722,C
B11000723,B
B11000724,B
B11000725,B
B11000726,B
B11000729,C
B11000731,C
B11000733,D
B11000736,B
B11000738,C
B11000739,B
B11000740,B
B11000741,B
B11000742,E
B11000743,D
B11000746,C
B11000748,D
B11000752,D
B11000757,C
B11000762,C
B11000764,C
B11000765,C
B11000766,C
B11000768,C
B11000774,C
B11000776,C
B11000785,C
B11000793,C
B11000797,C
B11000798,C
B11000801,C
B11000804,C
B11000808,C
B11000810,C
B11000811,C
B11000813,D
B11000816,C
B11000826,C
B11000827,C
B11000829,C
B11000831,C
B11000832,C
B11000834,C
B11000835,C
B11000838,C
B11000839,C
B11000840,C
B11000841,C
B11000844,C
B11000845,C
B11000846,C
B11000847,C
B11000850,C
B11000857,C
B11000858,C
B11000859,C
B11000860,C
B11000863,C
B11000865,C
B11000866,C
B11000872,B
B11000873,C
B11000880,D
B11000881,C
B11000884,B
B11000888,D
B11000889,C
B11000890,C
B11000891,D
B11000892,D
B11000893,A
B11000894,D
B11000895,D
B11000897,E
B11000898,E
B11000899,B
B11000900,E
B11000901,E
B11000902,E
B11000903,E
B11000905,E
B11000906,E
B11000907,E
B11000908,D
B11000912,B
B11000916,D
B11000919,E
B11000920,D
B11000921,C
B11000922,D
B11000923,B
B11000924,B
B11000926,B
B11000929,B
B11000931,C
B11000932,D
B11000933,D
B11000934,D
B11000935,D
B11000936,D
B11000938,D
B11000939,D
B11000942,D
B11000943,D
B11000944,D
B11000945,D
B11000949,D
B11000950,D
B11000952,D
B11000953,D
B11000954,D
B11000955,D
B11000956,E
B11000957,E
B11000958,E
B11000959,E
B11000960,E
B11000961,E
B11000962,E
B11000963,E
B11000964,E
B11000965,E
B11000966,E
B11000967,E
B11000968,E
B11000969,E
B11000970,E
B11000971,E
B11000972,E
B11000973,E
B11000974,E
B11000975,E
B11000976,E
B11000977,E
B11000978,E
B11000979,E
B11000980,E
B11000981,E
B11000982,E
B11000983,E
B11000984,E
B11000985,E
B11000986,E
B11000987,E
B11000988,E
B11000989,E
B11000990,E
B11000991,E
B11000992,E
B11000993,E
B11000994,E
B11000995,E
B11000996,E
B11000997,E
B11000998,E
B11000999,E
B11001000,E
B11001001,E
B11001003,E
B11001004,E
B11001005,E
B11001006,E
B11001007,E
B11001008,E
B11001009,E
B11001010,E
B11001011,E
B11001012,E
B11001013,E
B11001014,E
B11001015,E
B11001016,E
B11001017,E
B11001018,E
B11001019,E
B11001020,E
B11001021,E
B11001022,E
B11001024,E
B11001025,E
B11001026,E
B11001027,E
B11001028,E
B11001029,E
B11001030,E
B11001031,E
B11001032,E
B11001034,E
B11001035,E
B11001036,E
B11001037,E
B11001038,E
B11001039,E
B11001040,E
B11001041,E
B11001042,E
B11001043,E
B11001044,E
B11001045,E
B11001046,E
B11001047,E
B11001051,C
B11001052,C
B11001053,C
B11001057,D
B11001058,D
B11001059,C
B11001060,C
B11001061,E
B11001062,B
B11001063,C
B11001064,D
B11001066,C
B11001070,E
B11001075,E
B11001076,D
B11001077,D
B11001079,C
B11001081,B
B11001082,B
B11001083,B
B11001084,B
B11001085,B
B11001086,B
B11001087,B
B11001090,B
B11001094,C
B11001095,C
B11001096,C
B11001097,D
B11001098,D
B11001102,C
B11001103,D
B11001104,D
B11001106,B
B11001107,C
B11001108,C
B11001109,D
B11001110,C
B11001111,D
B11001112,C
B11001113,C
B11001116,D
B11001117,B
B11001118,C
B11001120,E
B11001121,E
B11001122,C
B11001125,C
B11001126,C
B11001127,C
B11001128,C
B11001129,C
B11001130,C
B11001131,C
B11001132,C
B11001133,B
B11001134,C
B11001135,B
B11001136,C
B11001137,B
B11001139,C
B11001140,B
B11001141,C
B11001142,B
B11001143,C
B11001144,B
B11001145,C
B11001146,C
B11001147,B
B11001151,D
B11001153,B
B11001156,B
B11001157,B
B11001158,D
B11001159,D
B11001160,C
B11001161,C
B11001162,E
B11001163,D
B11001164,C
B11001168,C
B11001169,C
B11001170,C
B11001173,D
B11001174,D
B11001175,D
B11001176,D
B11001179,C
B11001180,C
B11001181,C
B11001182,D
B11001183,D
B11001184,D
B11001187,D
B11001188,D
B11001189,E
B11001190,E
B11001191,E
B11001192,C
B11001193,C
B11001194,C
B11001196,D
B11001197,D
B11001202,B
B11001204,C
B11001205,E
B11001206,E
B11001207,C
B11001208,B
B11001216,B
B11001221,E
B11001227,B
B11001229,B
B11001232,D
B11001234,D
B11001235,D
B11001236,D
B11001237,D
B11001238,D
B11001239,D
B11001240,D
B11001241,D
B11001248,D
B11001249,C
B11001253,D
B11001254,D
B11001258,C
B11001260,D
B11001261,B
B11001264,B
B11001265,E
B11001266,B
B11001267,E
B11001268,E
B11001269,E
B11001270,E
B11001271,B
B11001273,C
B11001274,B
B11001275,D
B11001279,B
B11001280,B
B11001281,B
B11001282,B
B11001283,B
B11001284,B
B11001285,B
B11001286,B
B11001287,B
B11001288,B
B11001289,B
B11001290,B
B11001291,B
B11001292,B
B11001293,B
B11001294,B
B11001295,B
B11001296,B
B11001297,B
B11001298,B
B11001299,B
B11001300,B
B11001301,B
B11001302,B
B11001303,B
B11001304,B
B11001305,B
B11001306,B
B11001307,B
B11001308,B
B11001309,B
B11001310,B
B11001311,B
B11001312,B
B11001313,B
B11001314,B
B11001316,B
B11001317,B
B11001318,B
B11001319,B
B11001320,B
B11001321,B
B11001322,B
B11001323,B
B11001324,B
B11001325,B
B11001326,B
B11001327,B
B11001329,B
B11001330,C
B11001331,C
B11001332,D
B11001333,E
B11001337,D
B11001341,C
B11001342,D
B11001349,D
B11001351,C
B11001354,D
B11001355,D
B11001356,D
B11001357,D
B11001358,B
B11001364,C
B11001373,B
B11001374,B
B11001375,B
B11001376,B
B11001377,B
B11001378,B
B11001379,B
B11001380,B
B11001382,B
B11001383,B
B11001384,B
B11001385,B
B11001388,D
B11001392,C
B11001393,C
B11001395,C
B11001397,B
B11001398,D
B11001401,C
B11001402,C
B11001403,D
B11001404,D
B11001405,C
B11001406,E
B11001407,D
B11001408,C
B11001409,C
B11001410,D
B11001411,B
B11001412,D
B11001413,D
B11001414,D
B11001415,D
B11001416,C
B11001417,D
B11001418,D
B11001419,E
B11001420,C
B11001421,C
B11001422,D
B11001423,C
B11001424,D
B11001426,D
B11001427,D
B11001428,D
B11001429,D
B11001430,C
B11001431,D
B11001433,D
B11001434,D
B11001435,D
B11001438,D
B11001439,D
B11001442,D
B11001443,D
B11001444,C
B11001445,B
B11001447,E
B11001449,D
B11001450,D
B11001458,B
B11001459,C
B11001463,C
B11001465,B
B11001466,B
B11001467,B
B11001470,D
B11001473,D
B11001475,C
B11001477,C
B11001479,B
B11001480,C
B11001481,C
B11001485,C
B11001487,C
B11001488,C
B11001490,C
B11001491,C
B11001492,C
B11001493,C
B11001495,E
B11001496,E
B11001504,D
B11001505,C
B11001506,C
B11001512,B
B11001515,D
B11001518,D
B11001521,D
B11001522,D
B11001523,D
B11001525,B
B11001526,C
B11001527,B
B11001531,B
B11001532,B
B11001533,B
B11001534,B
B11001535,B
B11001537,D
B11001538,C
B11001540,C
B11001541,D
B11001542,C
B11001543,C
B11001545,C
B11001546,D
B11001547,D
B11001548,D
B11001549,D
B11001550,D
B11001552,B
B11001553,C
B11001554,A
B11001555,B
B11001556,D
B11001557,B
B11001558,D
B11001559,B
B11001560,D
B11001563,D
B11001566,E
B11001567,D
B11001568,C
B11001569,C
B11001570,D
B11001572,D
B11001575,C
B11001576,D
B11001577,D
B11001578,D
B11001579,E
B11001580,B
B11001584,C
B11001585,C
B11001586,D
B11001587,C
B11001588,C
B11001589,C
B11001590,C
B11001591,C
B11001592,C
B11001593,C
B11001594,D
B11001598,B
B11001599,B
B11001601,C
B11001602,E
B11001603,C
B11001605,D
B11001606,D
B11001607,B
B11001610,B
B11001611,E
B11001612,C
B11001614,D
B11001615,D
B11001617,D
B11001618,D
B11001619,D
B11001620,D
B11001623,D
B11001624,D
B11001625,C
B11001626,D
B11001628,C
B11001629,D
B11001630,E
B11001633,D
B11001634,D
B11001636,D
B11001637,D
B11001638,C
B11001641,E
B11001642,D
B11001643,D
B11001644,C
B11001645,E
B11001646,D
B11001651,E
B11001653,E
B11001657,E
B11001660,E
B11001662,E
B11001663,E
B11001664,C
B11001665,D
B11001666,D
B11001668,D
B11001670,D
B11001673,D
B11001674,D
B11001675,D
B11001676,D
B11001677,D
B11001678,D
B11001679,D
B11001680,D
B11001681,D
B11001682,D
B11001683,D
B11001684,D
B11001685,D
B11001686,D
B11001687,D
B11001689,D
B11001690,D
B11001691,D
B11001692,D
B11001693,D
B11001695,D
B11001697,D
B11001698,D
B11001699,D
B11001700,D
B11001702,C
B11001703,B
B11001704,B
B11001705,D
B11001706,D
B11001708,E
B11001709,E
B11001711,C
B11001712,E
B11001714,E
B11001715,E
B11001716,E
B11001717,E
B11001718,E
B11001719,E
B11001720,E
B11001722,E
B11001723,E
B11001725,E
B11001726,A
B11001734,B
B11001735,E
B11001746,B
B11001748,E
B11001749,A
B11001750,A
B11001751,D
B11001752,A
B11001753,A
B11001754,A
B11001755,A
B11001756,A
B11001757,A
B11001758,A
B11001759,A
B11001760,D
B11001761,D
B11001762,D
B11001763,D
B11001764,D
B11001765,D
B11001766,D
B11001767,D
B11001768,D
B11001769,D
B11001770,D
B11001771,D
B11001772,D
B11001773,D
B11001774,D
B11001775,D
B11001776,D
B11001777,D
B11001778,D
B11001779,D
B11001780,D
B11001781,D
B11001782,D
B11001783,D
B11001784,D
B11001785,D
B11001786,D
B11001787,D
B11001788,D
B11001789,D
B11001790,D
B11001791,D
B11001792,D
B11001793,D
B11001794,D
B11001795,D
B11001796,D
B11001797,D
B11001798,D
B11001799,D
B11001800,D
B11001801,D
B11001802,D
B11001803,D
B11001804,D
B11001805,D
B11001806,D
B11001807,D
B11001808,D
B11001809,D
B11001810,D
B11001811,D
B11001812,D
B11001813,E
B11001814,E
B11001815,A
B11001816,E
B11001817,A
B11001818,E
B11001819,E
B11001820,E
B11001821,E
B11001822,A
B11001823,E
B11001824,E
B11001825,E
B11001826,E
B11001827,A
B11001828,E
B11001829,E
B11001830,E
B11001831,A
B11001832,E
B11001833,E
B11001834,E
B11001835,E
B11001836,A
B11001837,A
B11001838,E
B11001839,A
B11001840,E
B11001841,E
B11001842,E
B11001843,A
B11001844,E
B11001845,A
B11001846,D
B11001847,A
B11001848,E
B11001850,E
B11001853,D
B11001871,B
B11001872,B
B11001873,B
B11001874,B
B11001875,B
B11001876,B
B11001877,B
B11001878,B
B11001879,B
B11001880,B
B11001881,B
B11001882,B
B11001883,B
B11001884,B
B11001886,B
B11001887,B
B11001890,B
B11001891,B
B11001895,B
B11001896,B
B11001897,B
B11001898,B
B11001899,B
B11001900,B
B11001901,B
B11001905,D
B11001907,C
B11001909,A
B11001910,A
B11001911,A
B11001912,A
B11001913,A
B11001914,A
B11001915,A
B11001916,A
B11001917,A
B11001918,A
B11001919,A
B11001920,A
B11001921,A
B11001922,A
B11001923,A
B11001924,A
B11001925,A
B11001926,A
B11001927,D
B11001928,D
B11001929,D
B11001930,E
B11001931,A
B11001932,A
B11001933,A
B11001934,A
B11001935,A
B11001936,A
B11001937,A
B11001938,A
B11001939,A
B11001940,A
B11001941,A
B11001942,A
B11001943,A
B11001944,A
B11001945,A
B11001946,A
B11001947,A
B11001948,A
B11001949,A
B11001950,A
B11001951,A
B11001952,A
B11001953,A
B11001954,A
B11001955,A
B11001956,A
B11001959,C
B11001960,C
B11001961,B
B11001963,A
B11001964,A
B11001965,A
B11001966,A
B11001967,A
B11001968,A
B11001969,A
B11001970,A
B11001971,A
B11001972,A
B11001973,A
B11001974,A
B11001975,A
B11001976,A
B11001977,A
B11001978,A
B11001980,A
B11001981,A
B11001982,A
B11001984,D
B11001985,D
B11001986,A
B11001987,E
B11001988,D
B11001989,E
B11001991,E
B11001992,E
B11001993,E
B11001994,E
B11001995,E
B11001996,A
B11001997,A
B11001998,A
B11001999,A
B11002000,A
B11002001,A
B11002002,E
B11002003,E
B11002004,E
B11002005,E
B11002006,E
B11002007,E
B11002008,A
B11002009,E
B11002010,E
B11002011,A
B11002012,E
B11002013,A
B11002014,E
B11002015,E
B11002016,A
B11002017,E
B11002019,A
B11002020,E
B11002021,E
B11002022,E
B11002023,A
B11002024,E
B11002026,E
B11002027,E
B11002028,E
B11002029,E
B11002030,E
B11002031,A
B11002032,E
B11002033,A
B11002034,E
B11002035,E
B11002036,E
B11002037,E
B11002038,E
B11002039,E
B11002040,A
B11002041,A
B11002042,E
B11002044,E
B11002045,E
B11002046,A
B11002047,E
B11002048,E
B11002049,E
B11002050,A
B11002051,E
B11002052,E
B11002053,E
B11002054,A
B11002055,A
B11002056,E
B11002057,E
B11002058,A
B11002059,A
B11002060,E
B11002061,E
B11002063,E
B11002064,A
B11002065,E
B11002066,E
B11002067,E
B11002068,E
B11002069,A
B11002070,A
B11002071,A
B11002072,E
B11002073,A
B11002074,E
B11002075,E
B11002076,A
B11002077,A
B11002078,A
B11002079,E
B11002080,A
B11002081,E
B11002082,E
B11002083,E
B11002084,E
B11002085,E
B11002086,C
B11002087,A
B11002088,E
B11002089,A
B11002090,E
B11002091,E
B11002092,E
B11002093,E
B11002094,E
B11002095,E
B11002096,E
B11002097,E
B11002098,E
B11002099,A
B11002100,E
B11002101,E
B11002102,A
B11002103,A
B11002104,E
B11002105,E
B11002106,E
B11002107,E
B11002108,A
B11002109,A
B11002110,E
B11002111,E
B11002112,E
B11002113,E
B11002114,A
B11002115,E
B11002116,C
B11002118,A
B11002119,D
B11002120,A
B11002121,A
B11002122,A
B11002123,E
B11002124,A
B11002125,A
B11002126,E
B11002127,A
B11002128,A
B11002129,A
B11002130,E
B11002131,E
B11002132,E
B11002133,E
B11002134,E
B11002135,E
B11002136,E
B11002137,E
B11002138,A
B11002139,E
B11002140,A
B11002141,E
B11002142,E
B11002143,E
B11002145,E
B11002146,E
B11002147,E
B11002148,A
B11002149,A
B11002150,A
B11002151,A
B11002152,A
B11002153,A
B11002154,A
B11002155,A
B11002156,A
B11002157,A
B11002158,A
B11002159,A
B11002160,A
B11002161,A
B11002162,A
B11002163,A
B11002164,A
B11002165,A
B11002166,A
B11002167,A
B11002168,A
B11002169,A
B11002170,A
B11002171,A
B11002172,A
B11002173,A
B11002174,A
B11002176,C
B11002177,D
B11002178,C
B11002179,C
B11002181,D
B11002182,C
B11002183,C
B11002184,D
B11002185,E
B11002186,E
B11002188,D
B11002189,D
B11002191,D
B11002192,C
B11002193,C
B11002195,C
B11002196,D
B11002197,D
B11002199,D
B11002200,C
B11002201,D
B11002202,C
B11002204,D
B11002205,D
B11002206,E
B11002207,C
B11002208,B
B11002209,E
B11002210,C
B11002211,D
B11002213,C
B11002214,C
B11002215,C
B11002220,C
B11002221,A
B11002222,D
B11002223,A
B11002224,A
B11002226,A
B11002227,A
B11002228,A
B11002229,A
B11002230,A
B11002231,A
B11002232,A
B11002233,A
B11002236,C
B11002239,E
B11002240,E
B11002241,E
B11002244,D
B11002245,D
B11002246,B
B11002247,D
B11002249,A
B11002250,E
B11002251,E
B11002252,E
B11002253,E
B11002254,E
B11002255,E
B11002256,E
B11002257,E
B11002258,E
B11002259,E
B11002260,E
B11002261,E
B11002262,E
B11002263,E
B11002264,E
B11002265,E
B11002270,B
B11002271,B
B11002272,E
B11002273,B
B11002274,E
B11002275,E
B11002277,B
B11002278,B
B11002284,D
B11002290,B
B11002291,E
B11002292,A
B11002293,A
B11002295,B
B11002296,D
B11002297,C
B11002298,E
B11002299,C
B11002300,C
B11002302,C
B11002304,C
B11002305,D
B11002306,D
B11002309,C
B11002311,E
B11002312,C
B11002315,E
B11002316,E
B11002318,E
B11002319,E
B11002320,E
B11002321,E
B11002322,E
B11002323,E
B11002324,E
B11002325,E
B11002326,B
B11002327,E
B11002328,E
B11002329,E
B11002330,E
B11002331,E
B11002332,E
B11002333,E
B11002334,E
B11002335,B
B11002336,E
B11002337,D
B11002338,D
B11002340,D
B11002341,B
B11002343,D
B11002345,E
B11002346,D
B11002355,D
B11002357,D
B11002358,D
B11002362,D
B11002363,D
B11002364,B
B11002365,D
B11002366,B
B11002369,E
B11002370,E
B11002372,E
B11002373,A
B11002374,A
B11002375,A
B11002376,A
B11002377,A
B11002378,A
B11002379,A
B11002380,A
B11002381,A
B11002382,A
B11002383,B
B11002384,D
B11002388,A
B11002389,A
B11002390,A
B11002391,A
B11002392,A
B11002393,A
B11002394,A
B11002395,A
B11002396,A
B11002398,B
B11002400,D
B11002401,C
B11002402,D
B11002403,D
B11002404,A
B11002405,A
B11002408,E
B11002410,E
B11002420,B
B11002421,E
B11002422,E
B11002424,E
B11002425,B
B11002429,B
B11002430,E
B11002435,E
B11002437,B
B11002439,B
B11002440,B
B11002441,B
B11002442,B
B11002444,D
B11002445,B
B11002446,B
B11002447,B
B11002450,B
B11002452,B
B11002453,B
B11002456,B
B11002457,B
B11002458,B
B11002459,B
B11002460,B
B11002461,B
B11002462,B
B11002463,B
B11002464,B
B11002466,B
B11002467,B
B11002468,B
B11002469,B
B11002509,D
B11002540,A
B11002541,A
B11002542,A
B11002543,A
B11002544,A
B11002545,A
B11002553,B
B11002557,D
B11002558,D
B11002559,D
B11002560,C
B11002561,A
B11002562,A
B11002563,A
B11002564,A
B11002565,A
B11002566,A
B11002567,A
B11002568,A
B11002569,A
B11002570,A
B11002571,A
B11002572,C
B11002573,A
B11002574,A
B11002575,A
B11002576,A
B11002577,A
B11002578,A
B11002579,A
B11002580,A
B11002581,A
B11002582,A
B11002583,A
B11002584,A
B11002585,A
B11002586,A
B11002587,A
B11002588,A
B11002589,A
B11002590,A
B11002591,C
B11002592,A
B11002593,C
B11002596,D
B11002597,C
B11002599,D
B11002602,C
B11002605,C
B11002606,C
B11002607,C
B11002608,C
B11002609,C
B11002610,C
B11002611,C
B11002613,C
B11002614,A
B11002615,A
B11002616,A
B11002617,A
B11002618,A
B11002619,A
B11002620,A
B11002621,A
B11002622,A
B11002623,A
B11002624,A
B11002625,A
B11002626,A
B11002627,C
B11002628,C
B11002629,C
B11002630,C
B11002631,C
B11002634,C
B11002636,C
B11002637,C
B11002638,C
B11002639,C
B11002640,C
B11002641,D
B11002642,C
B11002644,D
B11002645,C
B11002646,C
B11002647,C
B11002649,C
B11002654,C
B11002656,C
B11002658,A
B11002659,A
B11002660,A
B11002661,A
B11002662,A
B11002663,A
B11002664,A
B11002665,E
B11002666,A
B11002667,A
B11002668,A
B11002669,A
B11002670,A
B11002671,A
B11002672,A
B11002673,A
B11002674,A
B11002683,C
B11002686,C
B11002687,A
B11002688,A
B11002689,C
B11002690,D
B11002691,A
B11002693,D
B11002694,C
B11002698,A
B11002699,E
B11002701,A
B11002702,C
B11002703,D
B11002704,A
B11002708,C
B11002709,C
B11002710,C
B11002711,D
B11002713,C
B11002714,D
B11002715,A
B11002717,A
B11002719,C
B11002720,A
B11002721,C
B11002722,A
B11002723,A
B11002724,A
B11002725,E
B11002728,C
B11002729,D
B11002731,C
B11002732,D
B11002733,D
B11002734,C
B11002736,D
B11002737,B
B11002739,C
B11002741,A
B11002742,D
B11002743,A
B11002744,C
B11002745,C
B11002746,C
B11002747,D
B11002749,A
B11002750,C
B11002751,E
B11002752,C
B11002755,D
B11002757,C
B11002761,C
B11002762,C
B11002766,C
B11002767,C
B11002769,C
B11002770,A
B11002771,C
B11002772,C
B11002773,D
B11002774,D
B11002775,C
B11002776,B
B11002777,B
B11002780,C
B11002781,D
B11002784,C
B11002785,C
B11002787,C
B11002788,C
B11002789,C
B11002790,D
B11002791,D
B11002792,B
B11002793,B
B11002794,B
B11002795,B
B11002796,E
B11002797,D
B11002798,D
B11002800,D
B11002801,D
B11002802,E
B11002803,D
B11002804,C
B11002805,C
B11002806,B
B11002809,A
B11002810,A
B11002811,A
B11002812,A
B11002813,A
B11002814,D
B11002815,C
B11002816,D
B11002817,D
B11002818,C
B11002819,D
B11002820,E
B11002825,D
B11002826,C
B11002828,D
B11002829,B
B11002830,E
B11002831,B
B11002832,D
B11002833,B
B11002834,C
B11002835,D
B11002836,B
B11002837,E
B11002838,E
B11002839,E
B11002840,E
B11002842,B
B11002844,D
B11002845,C
B11002847,C
B11002849,D
B11002850,C
B11002851,C
B11002852,D
B11002853,D
B11002854,D
B11002855,D
B11002856,C
B11002858,C
B11002859,C
B11002860,D
B11002861,C
B11002862,D
B11002863,D
B11002865,D
B11002866,D
B11002867,D
B11002868,D
B11002870,C
B11002871,D
B11002875,D
B11002878,C
B11002879,C
B11002883,D
B11002886,D
B11002887,D
B11002888,D
B11002889,D
B11002890,D
B11002891,D
B11002892,D
B11002893,D
B11002894,D
B11002895,D
B11002896,D
B11002897,D
B11002898,D
B11002899,D
B11002900,D
B11002901,D
B11002902,D
B11002903,D
B11002904,A
B11002905,A
B11002906,A
B11002907,A
B11002908,A
B11002909,A
B11002910,A
B11002912,A
B11002913,A
B11002914,A
B11002915,A
B11002917,A
B11002918,D
B11002919,D
B11002920,D
B11002921,A
B11002922,A
B11002923,A
B11002924,A
B11002925,A
B11002926,C
B11002927,A
B11002928,A
B11002929,A
B11002930,A
B11002931,A
B11002932,A
B11002933,C
B11002934,A
B11002935,A
B11002936,A
B11002937,B
B11002938,D
B11002939,D
B11002941,D
B11002942,D
B11002943,D
B11002944,D
B11002945,D
B11002946,D
B11002947,D
B11002948,D
B11002949,D
B11002950,D
B11002951,D
B11002952,D
B11002953,D
B11002954,D
B11002955,D
B11002956,D
B11002957,A
B11002958,A
B11002959,A
B11002960,A
B11002961,A
B11002962,A
B11002963,A
B11002964,A
B11002965,A
B11002966,A
B11002967,A
B11002968,B
B11002969,B
B11002970,B
B11002971,B
B11002972,B
B11002973,B
B11002974,B
B11002975,B
B11002976,B
B11002977,B
B11002978,B
B11002979,B
B11002981,D
B11002982,E
B11003032,D
B11003033,B
B11003034,A
B11003035,C
B11003037,D
B11003040,D
B11003041,E
B11003042,A
B11003043,A
B11003044,A
B11003045,A
B11003046,A
B11003047,A
B11003048,A
B11003049,A
B11003050,A
B11003051,A
B11003052,A
B11003053,C
B11003055,D
B11003056,C
B11003058,A
B11003059,A
B11003060,A
B11003061,A
B11003062,A
B11003063,A
B11003064,A
B11003065,A
B11003067,A
B11003068,A
B11003069,A
B11003070,A
B11003071,A
B11003072,A
B11003073,A
B11003074,D
B11003075,A
B11003076,E
B11003077,D
B11003079,C
B11003080,A
B11003081,A
B11003082,A
B11003084,A
B11003085,A
B11003087,E
B11003088,E
B11003089,E
B11003090,E
B11003091,E
B11003092,E
B11003093,E
B11003094,E
B11003095,E
B11003096,E
B11003097,E
B11003098,E
B11003099,E
B11003100,E
B11003101,E
B11003102,E
B11003103,E
B11003104,E
B11003112,E
B11003117,D
B11003126,D
B11003127,D
B11003143,D
B11003147,C
B11003148,C
B11003149,C
B11003151,A
B11003152,A
B11003153,A
B11003154,A
B11003155,A
B11003156,A
B11003157,A
B11003158,A
B11003159,A
B11003160,A
B11003161,A
B11003162,A
B11003163,A
B11003164,A
B11003165,A
B11003166,A
B11003167,A
B11003168,B
B11003170,D
B11003171,D
B11003172,A
B11003173,A
B11003174,A
B11003175,A
B11003176,D
B11003177,A
B11003178,A
B11003179,A
B11003180,A
B11003181,A
B11003182,A
B11003183,A
B11003184,A
B11003185,A
B11003186,A
B11003187,E
B11003188,A
B11003190,A
B11003191,A
B11003192,A
B11003193,A
B11003194,D
B11003195,D
B11003196,D
B11003197,D
B11003198,D
B11003199,D
B11003200,D
B11003201,D
B11003202,D
B11003203,D
B11003204,D
B11003205,D
B11003206,D
B11003207,D
B11003208,D
B11003209,D
B11003210,D
B11003211,D
B11003212,D
B11003213,D
B11003214,D
B11003215,D
B11003216,D
B11003217,D
B11003218,A
B11003219,A
B11003220,A
B11003221,A
B11003222,A
B11003223,A
B11003224,A
B11003225,A
B11003226,A
B11003227,A
B11003228,A
B11003230,A
B11003231,A
B11003232,D
B11003233,A
B11003234,A
B11003235,A
B11003236,A
B11003237,B
B11003238,E
B11003239,A
B11003240,E
B11003241,A
B11003242,A
B11003243,A
B11003244,A
B11003245,A
B11003246,A
B11003247,A
B11003248,A
B11003249,A
B11003250,A
B11003251,A
B11003252,A
B11003253,A
B11003254,A
B11003255,A
B11003256,A
B11003257,A
B11003258,D
B11003259,D
B11003260,D
B11003261,D
B11003262,D
B11003263,D
B11003264,D
B11003265,D
B11003266,B
B11003267,E
B11003268,E
B11003269,B
B11003270,E
B11003271,B
B11003272,E
B11003273,E
B11003274,E
B11003275,E
B11003276,E
B11003277,E
B11003278,E
B11003279,B
B11003280,E
B11003282,E
B11003283,B
B11003284,E
B11003285,B
B11003286,A
B11003287,A
B11003288,A
B11003289,B
B11003290,A
B11003291,A
B11003292,D
B11003293,D
B11003294,D
B11003295,D
B11003296,D
B11003297,D
B11003298,D
B11003299,D
B11003300,D
B11003301,D
B11003302,D
B11003303,C
B11003305,D
B11003306,D
B11003307,D
B11003308,D
B11003309,D
B11003310,D
B11003311,D
B11003312,D
B11003313,E
B11003316,A
B11003317,E
B11003318,E
B11003320,E
B11003322,E
B11003323,E
B11003327,E
B11003328,D
B11003329,B
B11003330,B
B11003331,E
B11003333,D
B11003334,A
B11003335,A
B11003336,A
B11003337,A
B11003338,A
B11003339,A
B11003340,A
B11003341,A
B11003342,A
B11003343,A
B11003344,A
B11003345,A
B11003346,A
B11003347,A
B11003348,A
B11003349,A
B11003350,A
B11003351,A
B11003354,D
B11003355,D
B11003356,D
B11003357,D
B11003358,D
B11003359,D
B11003360,D
B11003361,D
B11003362,D
B11003363,D
B11003364,D
B11003365,D
B11003368,E
B11003370,D
B11003372,E
B11003376,A
B11003377,A
B11003378,A
B11003379,D
B11003380,A
B11003381,A
B11003382,A
B11003383,A
B11003384,A
B11003385,A
B11003386,A
B11003387,E
B11003388,A
B11003389,C
B11003391,C
B11003392,D
B11003393,D
B11003394,C
B11003395,D
B11003397,C
B11003398,D
B11003400,E
B11003401,E
B11003402,E
B11003403,E
B11003404,E
B11003405,B
B11003406,E
B11003407,B
B11003408,D
B11003415,A
B11003416,A
B11003417,A
B11003419,C
B11003420,D
B11003421,D
B11003423,C
B11003424,C
B11003425,C
B11003426,D
B11003428,B
B11003429,C
B11003430,A
B11003431,C
B11003432,C
B11003433,D
B11003434,A
B11003435,A
B11003436,D
B11003437,D
B11003438,D
B11003440,C
B11003442,C
B11003448,D
B11003450,D
B11003451,C
B11003452,D
B11003455,D
B11003456,C
B11003460,B
B11003461,D
B11003462,C
B11003463,C
B11003464,C
B11003465,D
B11003466,C
B11003467,B
B11003471,C
B11003472,D
B11003473,C
B11003474,D
B11003475,D
B11003477,C
B11003479,D
B11003480,D
B11003481,D
B11003482,C
B11003483,E
B11003484,E
B11003485,D
B11003488,C
B11003489,C
B11003490,C
B11003491,C
B11003492,B
B11003493,D
B11003494,C
B11003495,D
B11003496,D
B11003497,D
B11003498,D
B11003499,C
B11003500,C
B11003501,D
B11003502,E
B11003503,E
B11003504,E
B11003505,E
B11003506,E
B11003507,B
B11003509,D
B11003510,B
B11003511,D
B11003513,B
B11003515,D
B11003516,A
B11003520,D
B11003521,D
B11003523,C
B11003524,D
B11003527,D
B11003529,C
B11003530,C
B11003531,C
B11003533,B
B11003534,C
B11003535,E
B11003536,E
B11003537,E
B11003539,D
B11003541,E
B11003543,C
B11003544,D
B11003545,C
B11003546,E
B11003547,D
B11003548,D
B11003549,D
B11003550,D
B11003551,D
B11003552,E
B11003554,C
B11003555,E
B11003559,C
B11003560,D
B11003561,E
B11003563,D
B11003564,C
B11003565,B
B11003566,A
B11003567,C
B11003569,E
B11003570,D
B11003571,D
B11003572,D
B11003573,C
B11003574,E
B11003575,D
B11003576,C
B11003577,C
B11003578,C
B11003581,B
B11003586,B
B11003587,B
B11003588,B
B11003589,B
B11003590,B
B11003591,B
B11003593,B
B11003594,D
B11003595,D
B11003597,D
B11003598,D
B11003599,C
B11003600,D
B11003601,D
B11003602,D
B11003604,D
B11003605,D
B11003606,D
B11003607,D
B11003608,D
B11003609,D
B11003610,D
B11003611,D
B11003612,D
B11003613,D
B11003614,D
B11003615,D
B11003616,D
B11003617,D
B11003618,D
B11003619,D
B11003620,D
B11003621,E
B11003622,E
B11003623,B
B11003624,E
B11003625,D
B11003626,D
B11003627,D
B11003628,D
B11003629,D
B11003630,D
B11003631,D
B11003632,D
B11003633,D
B11003634,D
B11003635,D
B11003636,E
B11003637,D
B11003638,D
B11003639,E
B11003640,D
B11003641,E
B11003642,E
B11003644,E
B11003645,B
B11003646,E
B11003647,B
B11003648,E
B11003649,E
B11003650,E
B11003652,E
B11003653,B
B11003655,B
B11003656,B
B11003658,D
B11003659,B
B11003660,B
B11003663,B
B11003664,D
B11003666,C
B11003667,C
B11003670,D
B11003671,D
B11003672,D
B11003673,D
B11003674,D
B11003675,D
B11003676,D
B11003677,D
B11003679,B
B11003707,D
B11003710,C
B11003711,E
B11003715,E
B11003716,E
B11003720,B
B11003721,B
B11003725,B
B11003726,B
B11003728,B
B11003730,E
B11003735,D
B11003736,B
B11003739,C
B11003740,C
B11003742,D
B11003744,D
B11003746,D
B11003748,D
B11003749,C
B11003752,C
B11003753,D
B11003754,D
B11003756,D
B11003758,E
B11003760,E
B11003761,E
B11003762,D
B11003763,D
B11003765,D
B11003766,D
B11003767,D
B11003768,D
B11003769,D
B11003770,D
B11003771,D
B11003772,D
B11003773,D
B11003774,D
B11003775,D
B11003777,A
B11003778,A
B11003779,A
B11003780,D
B11003781,D
B11003782,D
B11003783,D
B11003784,D
B11003785,E
B11003787,D
B11003791,C
B11003795,C
B11003798,D
B11003800,C
B11003803,D
B11003805,D
B11003808,C
B11003819,C
B11003822,C
B11003823,C
B11003824,D
B11003826,D
B11003830,D
B11003831,C
B11003834,D
B11003838,C
B11003839,D
B11003840,C
B11003841,D
B11003842,B
B11003843,D
B11003845,C
B11003846,C
B11003847,C
B11003849,C
B11003850,C
B11003851,D
B11003852,D
B11003856,C
B11003858,E
B11003860,E
B11003861,E
B11003862,B
B11003864,D
B11003865,C
B11003866,C
B11003867,B
B11003868,D
B11003869,B
B11003871,B
B11003872,D
B11003873,B
B11003874,E
B11003875,B
B11003881,C
B11003883,D
B11003884,C
B11003886,C
B11003887,D
B11003889,D
B11003890,D
B11003891,D
B11003892,D
B11003893,C
B11003894,D
B11003895,C
B11003896,C
B11003897,D
B11003901,D
B11003902,D
B11003903,D
B11003904,B
B11003905,D
B11003907,D
B11003908,C
B11003910,D
B11003912,D
B11003916,D
B11003919,C
B11003920,D
B11003922,D
B11003924,D
B11003926,D
B11003928,B
B11003929,B
B11003930,B
B11003931,B
B11003932,C
B11003933,D
B11003934,C
B11003935,D
B11003937,D
B11003938,C
B11003939,C
B11003941,B
B11003943,B
B11003944,E
B11003945,E
B11003946,D
B11003947,E
B11003948,E
B11003949,E
B11003950,E
B11003951,D
B11003954,E
B11003955,B
B11003956,B
B11003958,B
B11003961,B
B11003962,B
B11003963,B
B11003964,C
B11003965,B
B11003966,B
B11003967,B
B11003968,B
B11003969,E
B11003971,B
B11003972,B
B11003974,C
B11003977,C
B11003983,C
B11003985,D
B11003989,D
B11003997,D
B11004003,C
B11004006,C
B11004007,D
B11004011,C
B11004016,C
B11004021,C
B11004024,C
B11004027,E
B11004028,B
B11004029,C
B11004031,C
B11004033,D
B11004034,D
B11004035,D
B11004036,E
B11004037,B
B11004038,E
B11004039,A
B11004040,A
B11004041,A
B11004042,A
B11004043,E
B11004045,A
B11004046,D
B11004049,D
B11004050,C
B11004056,E
B11004060,D
B11004061,D
B11004062,D
B11004065,D
B11004066,C
B11004067,D
B11004069,D
B11004070,C
B11004071,D
B11004072,C
B11004073,D
B11004074,D
B11004080,D
B11004082,B
B11004083,D
B11004084,C
B11004085,B
B11004086,D
B11004088,E
B11004094,C
B11004097,C
B11004098,E
B11004099,E
B11004100,B
B11004101,B
B11004102,E
B11004103,E
B11004104,B
B11004105,E
B11004106,C
B11004107,D
B11004108,D
B11004109,D
B11004110,D
B11004111,A
B11004112,E
B11004116,D
B11004117,A
B11004118,A
B11004125,D
B11004132,D
B11004133,B
B11004134,B
B11004135,B
B11004136,B
B11004137,D
B11004138,B
B11004144,D
B11004145,D
B11004146,D
B11004147,D
B11004148,D
B11004149,D
B11004150,D
B11004151,D
B11004152,D
B11004153,D
B11004154,D
B11004155,D
B11004156,D
B11004157,D
B11004158,D
B11004159,D
B11004160,D
B11004161,D
B11004162,A
B11004168,E
B11004169,C
B11004174,C
B11004180,B
B11004181,B
B11004183,B
B11004192,B
B11004193,B
B11004194,B
B11004195,D
B11004204,B
B11004208,B
B11004210,B
B11004212,E
B11004213,E
B11004216,E
B11004217,E
B11004223,D
B11004226,E
B11004227,E
B11004228,E
B11004230,C
B11004233,C
B11004235,D
B11004239,C
B11004241,B
B11004243,D
B11004245,C
B11004252,C
B11004254,C
B11004271,D
B11004274,D
B11004276,D
B11004278,D
B11004282,B
B11004289,C
B11004290,C
B11004292,D
B11004294,C
B11004322,B
B11004323,B
B11004324,B
B11004352,B
B11004354,B
B11004356,B
B11004358,B
B11004359,B
B11004362,B
B11004363,B
B11004366,E
B11004367,C
B11004368,D
B11004369,C
B11004370,D
B11004371,B
B11004372,B
B11004373,E
B11004374,B
B11004375,D
B11004376,E
B11004377,E
B11004378,E
B11004379,E
B11004380,E
B11004383,C
B11004385,D
B11004389,D
B11004390,D
B11004392,D
B11004395,B
B11004400,B
B11004401,E
B11004402,B
B11004403,E
B11004404,B
B11004405,B
B11004406,B
B11004408,B
B11004409,B
B11004416,E
B11004417,E
B11004418,E
B11004421,E
B11004428,C
B11004433,D
B11004434,B
B11004438,B
B11004439,B
B11004440,C
B11004442,C
B11004443,B
B11004444,B
B11004447,B
B11004448,B
B11004449,D
B11004450,D
B11004453,C
B11004454,E
B11004455,B
B11004456,B
B11004457,B
B11004461,B
B11004462,B
B11004463,B
B11004464,B
B11004465,B
B11004466,B
B11004467,B
B11004468,B
B11004469,B
B11004470,B
B11004471,E
B11004472,E
B11004473,E
B11004474,E
B11004475,E
B11004477,E
B11004478,B
B11004479,B
B11004486,D
B11004487,D
B11004488,C
B11004491,B
B11004492,C
B11004494,D
B11004495,D
B11004497,D
B11004498,D
B11004499,D
B11004500,D
B11004502,A
B11004503,A
B11004504,A
B11004506,A
B11004507,A
B11004508,A
B11004510,D
B11004511,D
B11004513,D
B11004514,D
B11004515,D
B11004516,D
B11004517,D
B11004518,D
B11004519,D
B11004521,D
B11004522,C
B11004528,D
B11004529,D
B11004530,D
B11004532,D
B11004535,D
B11004540,D
B11004541,D
B11004542,B
B11004543,B
B11004544,C
B11004546,C
B11004547,B
B11004549,C
B11004551,C
B11004555,C
B11004557,B
B11004558,C
B11004559,C
B11004560,C
B11004561,C
B11004563,C
B11004564,C
B11004567,C
B11004571,B
B11004573,C
B11004575,A
B11004576,A
B11004577,A
B11004578,A
B11004579,A
B11004580,A
B11004581,A
B11004582,C
B11004583,E
B11004585,C
B11004587,C
B11004590,B
B11004594,D
B11004595,D
B11004597,C
B11004598,C
B11004599,C
B11004600,D
B11004603,D
B11004606,D
B11004607,D
B11004608,C
B11004609,C
B11004610,C
B11004612,C
B11004614,C
B11004615,C
B11004617,D
B11004624,D
B11004626,C
B11004629,C
B11004630,B
B11004638,C
B11004640,D
B11004642,C
B11004643,C
B11004644,D
B11004649,D
B11004652,D
B11004654,D
B11004658,E
B11004665,D
B11004668,C
B11004669,C
B11004670,C
B11004675,D
B11004677,D
B11004680,C
B11004684,C
B11004686,D
B11004688,D
B11004689,C
B11004692,C
B11004693,D
B11004694,B
B11004698,E
B11004704,E
B11004706,D
B11004708,D
B11004709,D
B11004710,D
B11004711,D
B11004712,D
B11004713,D
B11004717,C
B11004718,E
B11004728,C
B11004731,C
B11004732,E
B11004734,C
B11004736,D
B11004739,C
B11004740,C
B11004742,E
B11004748,E
B11004749,C
B11004750,E
B11004751,B
B11004752,C
B11004753,C
B11004754,D
B11004755,C
B11004756,C
B11004762,C
B11004763,D
B11004767,D
B11004768,A
B11004769,C
B11004771,C
B11004772,C
B11004774,D
B11004775,B
B11004776,B
B11004777,B
B11004778,B
B11004779,D
B11004780,B
B11004783,C
B11004784,D
B11004786,B
B11004788,D
B11004789,D
B11004790,E
B11004793,C
B11004794,D
B11004799,C
B11004803,C
B11004809,B
B11004810,C
B11004812,C
B11004813,D
B11004814,A
B11004817,D
B11004823,D
B11004824,D
B11004825,C
B11004827,C
B11004828,B
B11004829,B
B11004831,D
B11004832,C
B11004833,C
B11004834,E
B11004835,D
B11004836,D
B11004837,A
B11004838,C
B11004839,C
B11004840,C
B11004842,C
B11004847,C
B11004851,A
B11004859,E
B11004861,C
B11004862,D
B11004863,E
B11004864,E
B11004868,C
B11004874,B
B11004876,B
B11004878,B
B11004879,E
B11004880,E
B11004881,E
B11004882,E
B11004883,E
B11004884,B
B11004885,E
B11004886,B
B11004887,E
B11004888,E
B11004889,B
B11004890,C
B11004894,E
B11004895,E
B11004897,E
B11004901,E
B11004903,E
B11004904,E
B11004907,E
B11004909,E
B11004911,E
B11004914,E
B11004915,E
B11004919,C
B11004920,B
B11004921,B
B11004923,C
B11004924,B
B11004927,B
B11004928,D
B11004929,D
B11004932,D
B11004934,D
B11004943,A
B11004945,A
B11004946,E
B11004947,A
B11004948,A
B11004949,A
B11004950,A
B11004951,B
B11004952,E
B11004953,E
B11004954,E
B11004955,D
B11004958,B
B11004959,B
B11004960,B
B11004961,B
B11004965,C
B11004967,C
B11004969,C
B11004970,C
B11004972,B
B11004974,C
B11004979,B
B11004980,C
B11004981,C
B11004982,C
B11004983,C
B11004986,C
B11004988,D
B11004989,C
B11004995,B
B11004997,D
B11004998,B
B11004999,B
B11005000,C
B11005001,B
B11005002,C
B11005003,D
B11005004,E
B11005006,C
B11005011,D
B11005012,C
B11005014,D
B11005016,C
B11005017,E
B11005018,E
B11005019,E
B11005020,E
B11005021,E
B11005022,B
B11005024,B
B11005025,B
B11005028,B
B11005029,B
B11005030,B
B11005031,B
B11005034,C
B11005035,C
B11005036,D
B11005038,D
B11005039,E
B11005040,B
B11005041,B
B11005042,E
B11005043,E
B11005044,B
B11005045,C
B11005046,B
B11005047,B
B11005048,B
B11005049,B
B11005050,D
B11005051,B
B11005052,D
B11005053,B
B11005054,A
B11005055,A
B11005056,E
B11005057,E
B11005058,C
B11005059,E
B11005060,E
B11005062,E
B11005063,D
B11005064,C
B11005068,B
B11005069,B
B11005071,B
B11005072,E
B11005073,C
B11005074,D
B11005076,D
B11005077,D
B11005078,D
B11005079,D
B11005081,D
B11005084,D
B11005085,D
B11005086,D
B11005087,C
B11005088,D
B11005089,D
B11005090,D
B11005095,C
B11005097,E
B11005106,A
B11005109,D
B11005110,D
B11005112,E
B11005114,E
B11005115,E
B11005116,E
B11005117,B
B11005118,E
B11005119,B
B11005120,E
B11005121,E
B11005122,E
B11005126,E
B11005129,E
B11005130,E
B11005131,E
B11005132,E
B11005133,E
B11005134,D
B11005137,D
B11005139,E
B11005140,E
B11005141,D
B11005142,D
B11005143,C
B11005144,B
B11005145,D
B11005146,D
B11005147,E
B11005148,D
B11005149,D
B11005150,E
B11005151,D
B11005154,E
B11005156,E
B11005157,E
B11005158,E
B11005159,D
B11005160,E
B11005162,E
B11005163,E
B11005164,D
B11005165,E
B11005166,D
B11005167,B
B11005168,E
B11005169,E
B11005171,E
B11005172,B
B11005173,E
B11005174,D
B11005175,D
B11005176,E
B11005177,E
B11005178,E
B11005179,D
B11005180,E
B11005181,D
B11005183,E
B11005185,E
B11005186,E
B11005188,D
B11005189,E
B11005190,D
B11005191,E
B11005192,D
B11005194,D
B11005195,E
B11005196,E
B11005198,D
B11005199,E
B11005200,D
B11005202,D
B11005203,D
B11005205,E
B11005206,D
B11005208,E
B11005209,E
B11005210,E
B11005212,E
B11005213,B
B11005215,B
B11005216,B
B11005217,B
B11005218,B
B11005219,B
B11005220,C
B11005221,B
B11005223,B
B11005224,B
B11005225,B
B11005226,B
B11005227,D
B11005230,B
B11005232,B
B11005234,D
B11005235,B
B11005236,B
B11005237,B
B11005238,D
B11005239,B
B11005240,B
B11005241,B
B11005243,B
B11005246,D
B11005247,D
B11005249,D
B11005250,B
B11005251,D
B11005255,B
B11005257,B
B11005261,D
B11005263,B
B11005267,B
B11005268,D
B11005269,B
B11005270,B
B11005271,B
B11005272,B
B11005273,B
B11005274,B
B11005275,B
B11005276,B
B11005277,B
B11005278,B
B11005279,B
B11005280,B
B11005281,B
B11005282,B
B11005283,B
B11005284,B
B11005285,B
B11005286,B
B11005287,B
B11005288,E
B11005289,B
B11005290,B
B11005291,B
B11005293,B
B11005294,B
B11005295,B
B11005296,B
B11005297,B
B11005298,B
B11005299,B
B11005300,B
B11005301,B
B11005303,B
B11005304,B
B11005305,C
B11005307,B
B11005309,B
B11005310,B
B11005311,B
B11005313,B
B11005314,B
B11005315,B
B11005316,B
B11005317,B
B11005318,E
B11005319,B
B11005320,B
B11005321,B
B11005323,E
B11005324,B
B11005325,B
B11005326,D
B11005327,B
B11005328,B
B11005329,E
B11005330,B
B11005331,B
B11005332,B
B11005333,D
B11005334,B
B11005336,B
B11005338,E
B11005339,D
B11005340,B
B11005341,B
B11005342,B
B11005343,B
B11005344,B
B11005346,B
B11005347,D
B11005348,D
B11005351,D
B11005352,D
B11005359,D
B11005361,B
B11005365,D
B11005366,E
B11005368,D
B11005369,B
B11005371,D
B11005374,D
B11005375,D
B11005377,B
B11005379,D
B11005380,B
B11005381,D
B11005383,B
B11005386,B
B11005387,C
B11005388,B
B11005389,B
B11005390,B
B11005391,B
B11005392,B
B11005394,D
B11005395,E
B11005396,B
B11005397,B
B11005398,D
B11005399,B
B11005400,D
B11005403,D
B11005406,B
B11005407,B
B11005408,D
B11005409,B
B11005410,D
B11005411,B
B11005412,D
B11005413,C
B11005415,D
B11005416,B
B11005418,E
B11005419,B
B11005421,B
B11005422,B
B11005423,D
B11005424,B
B11005425,B
B11005426,B
B11005427,B
B11005428,B
B11005429,B
B11005431,B
B11005432,B
B11005433,D
B11005434,B
B11005435,B
B11005436,B
B11005438,B
B11005439,B
B11005440,B
B11005441,B
B11005442,B
B11005443,E
B11005444,B
B11005445,D
B11005446,B
B11005447,B
B11005448,B
B11005449,B
B11005450,B
B11005451,B
B11005452,B
B11005453,B
B11005454,B
B11005455,B
B11005456,D
B11005457,B
B11005459,B
B11005460,B
B11005461,D
B11005462,B
B11005463,B
B11005464,D
B11005467,D
B11005469,B
B11005470,B
B11005471,D
B11005472,B
B11005475,B
B11005476,D
B11005477,B
B11005479,D
B11005480,B
B11005482,B
B11005483,B
B11005484,B
B11005485,D
B11005487,B
B11005488,B
B11005489,B
B11005490,B
B11005491,B
B11005492,B
B11005493,B
B11005495,B
B11005496,B
B11005497,B
B11005503,B
B11005504,B
B11005505,B
B11005506,B
B11005507,B
B11005508,B
B11005509,B
B11005510,B
B11005511,B
B11005513,B
B11005514,B
B11005515,B
B11005517,B
B11005518,B
B11005519,B
B11005520,B
B11005521,B
B11005523,B
B11005524,D
B11005525,B
B11005526,B
B11005528,B
B11005529,B
B11005531,B
B11005532,B
B11005533,B
B11005534,B
B11005535,B
B11005536,B
B11005537,B
B11005538,B
B11005539,E
B11005540,B
B11005541,B
B11005542,B
B11005543,B
B11005544,B
B11005545,B
B11005546,B
B11005547,B
B11005548,B
B11005549,B
B11005550,E
B11005551,B
B11005552,B
B11005553,B
B11005554,E
B11005555,B
B11005556,B
B11005558,B
B11005559,B
B11005560,E
B11005561,B
B11005562,B
B11005563,B
B11005564,B
B11005565,B
B11005566,B
B11005568,B
B11005569,E
B11005570,E
B11005571,E
B11005572,B
B11005573,B
B11005574,D
B11005575,B
B11005576,B
B11005577,B
B11005578,E
B11005579,B
B11005580,B
B11005581,D
B11005582,B
B11005583,B
B11005584,B
B11005585,B
B11005586,B
B11005587,C
B11005588,B
B11005589,B
B11005590,B
B11005591,E
B11005593,B
B11005594,B
B11005595,E
B11005596,B
B11005598,B
B11005599,B
B11005600,B
B11005601,E
B11005602,B
B11005603,B
B11005604,B
B11005605,B
B11005606,B
B11005607,B
B11005608,B
B11005609,B
B11005611,B
B11005612,B
B11005613,B
B11005614,B
B11005615,E
B11005616,E
B11005617,B
B11005618,B
B11005619,B
B11005620,B
B11005621,B
B11005622,B
B11005623,E
B11005624,B
B11005625,B
B11005626,B
B11005627,B
B11005628,B
B11005629,B
B11005630,E
B11005631,B
B11005632,B
B11005633,B
B11005634,E
B11005635,B
B11005636,B
B11005637,B
B11005639,B
B11005640,B
B11005641,B
B11005642,B
B11005643,B
B11005644,B
B11005645,B
B11005646,D
B11005647,C
B11005648,E
B11005649,B
B11005650,B
B11005651,B
B11005652,B
B11005653,E
B11005654,B
B11005655,B
B11005656,B
B11005657,B
B11005658,B
B11005659,B
B11005660,B
B11005661,B
B11005662,B
B11005663,B
B11005664,B
B11005665,B
B11005666,B
B11005667,D
B11005668,B
B11005669,B
B11005670,B
B11005671,B
B11005672,B
B11005674,B
B11005675,B
B11005676,E
B11005677,C
B11005678,B
B11005679,E
B11005680,B
B11005681,D
B11005682,B
B11005683,B
B11005684,B
B11005685,B
B11005686,B
B11005687,B
B11005688,B
B11005689,B
B11005690,E
B11005691,B
B11005692,B
B11005693,B
B11005694,B
B11005695,B
B11005696,B
B11005697,B
B11005698,B
B11005699,B
B11005700,B
B11005701,B
B11005702,B
B11005703,B
B11005704,B
B11005705,B
B11005706,B
B11005707,B
B11005708,E
B11005709,B
B11005710,B
B11005711,B
B11005712,B
B11005713,B
B11005714,B
B11005715,B
B11005716,D
B11005717,B
B11005718,B
B11005719,B
B11005720,B
B11005721,D
B11005722,B
B11005723,B
B11005724,E
B11005725,B
B11005726,B
B11005727,B
B11005728,B
B11005729,B
B11005730,B
B11005731,B
B11005732,C
B11005733,B
B11005734,B
B11005735,B
B11005736,E
B11005737,B
B11005738,B
B11005739,B
B11005740,E
B11005741,B
B11005742,B
B11005743,B
B11005744,B
B11005745,B
B11005746,B
B11005747,B
B11005749,B
B11005750,B
B11005751,E
B11005755,C
B11005758,E
B11005760,D
B11005761,D
B11005762,D
B11005763,D
B11005764,B
B11005765,B
B11005766,B
B11005768,B
B11005769,D
B11005770,B
B11005772,B
B11005773,C
B11005774,D
B11005775,B
B11005776,E
B11005777,B
B11005778,B
B11005779,B
B11005780,B
B11005782,B
B11005784,A
B11005786,B
B11005789,C
B11005790,B
B11005791,B
B11005792,E
B11005793,B
B11005794,B
B11005795,B
B11005796,B
B11005797,C
B11005798,B
B11005799,D
B11005800,D
B11005801,B
B11005803,B
B11005805,B
B11005806,B
B11005807,B
B11005809,B
B11005810,B
B11005812,B
B11005814,B
B11005815,B
B11005816,B
B11005818,B
B11005819,B
B11005820,B
B11005821,B
B11005822,B
B11005823,B
B11005825,B
B11005826,B
B11005827,B
B11005829,B
B11005830,E
B11005831,B
B11005832,B
B11005833,B
B11005834,C
B11005835,B
B11005836,B
B11005838,B
B11005839,B
B11005840,B
B11005841,E
B11005842,B
B11005845,B
B11005847,B
B11005850,E
B11005851,B
B11005852,B
B11005853,B
B11005854,B
B11005855,B
B11005856,B
B11005857,B
B11005858,B
B11005859,B
B11005860,B
B11005861,B
B11005862,B
B11005863,B
B11005864,B
B11005865,E
B11005866,B
B11005867,B
B11005868,B
B11005869,B
B11005870,B
B11005871,B
B11005872,B
B11005873,E
B11005874,B
B11005875,B
B11005876,B
B11005877,B
B11005878,B
B11005879,B
B11005880,B
B11005881,B
B11005882,B
B11005883,B
B11005884,B
B11005885,B
B11005886,B
B11005887,B
B11005888,B
B11005890,B
B11005891,B
B11005892,B
B11005893,B
B11005894,B
B11005895,B
B11005896,E
B11005897,B
B11005898,B
B11005899,B
B11005900,B
B11005901,B
B11005902,B
B11005903,B
B11005904,B
B11005905,B
B11005906,B
B11005907,B
B11005908,B
B11005909,B
B11005910,B
B11005911,B
B11005912,B
B11005913,B
B11005914,B
B11005915,B
B11005916,E
B11005917,B
B11005918,B
B11005919,B
B11005920,B
B11005921,B
B11005922,B
B11005923,B
B11005924,E
B11005925,B
B11005926,B
B11005933,C
B11005935,D
B11005936,E
B11005938,D
B11005939,D
B11005941,B
B11005942,C
B11005943,B
B11005944,C
B11005946,B
B11005947,B
B11005948,B
B11005950,B
B11005951,B
B11005955,D
B11005956,D
B11005959,D
B11005960,D
B11005967,A
B11005968,E
B11005969,E
B11005970,E
B11005971,E
B11005972,E
B11005973,E
B11005974,E
B11005975,E
B11005984,D
B11005985,D
B11005988,B
B11005989,B
B11005990,D
B11005991,D
B11005992,B
B11005993,D
B11005995,D
B11005996,D
B11005998,D
B11005999,D
B11006004,D
B11006005,D
B11006007,D
B11006012,D
B11006017,D
B11006018,D
B11006020,D
B11006021,D
B11006022,D
B11006024,D
B11006027,E
B11006028,E
B11006029,D
B11006030,D
B11006031,E
B11006032,D
B11006033,E
B11006034,E
B11006036,D
B11006037,B
B11006038,E
B11006039,A
B11006040,E
B11006041,B
B11006042,B
B11006043,E
B11006044,E
B11006045,A
B11006046,E
B11006048,D
B11006049,D
B11006051,B
B11006052,E
B11006054,D
B11006056,C
B11006058,B
B11006059,B
B11006060,B
B11006061,B
B11006062,B
B11006063,D
B11006064,B
B11006065,B
B11006066,B
B11006071,C
B11006072,C
B11006073,C
B11006074,C
B11006075,C
B11006078,D
B11006079,D
B11006080,D
B11006081,D
B11006082,D
B11006083,D
B11006084,D
B11006085,D
B11006086,D
B11006087,A
B11006089,A
B11006090,A
B11006092,E
B11006093,A
B11006094,A
B11006095,A
B11006096,A
B11006097,A
B11006098,A
B11006099,A
B11006100,A
B11006101,B
B11006103,B
B11006107,D
B11006108,D
B11006110,A
B11006111,A
B11006112,A
B11006113,A
B11006114,A
B11006115,B
B11006116,B
B11006117,B
B11006118,B
B11006119,B
B11006120,B
B11006121,B
B11006122,B
B11006123,B
B11006124,B
B11006125,B
B11006126,B
B11006127,B
B11006128,B
B11006131,B
B11006137,B
B11006153,B
B11006156,D
B11006157,D
B11006158,D
B11006159,E
B11006160,E
B11006161,E
B11006162,E
B11006163,E
B11006164,E
B11006165,E
B11006166,E
B11006167,E
B11006168,E
B11006169,D
B11006170,E
B11006171,E
B11006172,B
B11006173,D
B11006174,A
B11006175,D
B11006176,B
B11006177,D
B11006178,E
B11006179,B
B11006180,D
B11006181,E
B11006183,B
B11006184,D
B11006186,D
B11006187,C
B11006188,C
B11006189,D
B11006192,D
B11006193,B
B11006194,D
B11006195,C
B11006196,D
B11006197,D
B11006198,C
B11006200,C
B11006202,C
B11006203,C
B11006204,C
B11006205,D
B11006206,D
B11006207,D
B11006208,D
B11006209,D
B11006210,C
B11006211,D
B11006212,D
B11006213,C
B11006214,D
B11006215,D
B11006217,D
B11006219,D
B11006220,D
B11006223,D
B11006225,E
B11006227,E
B11006228,C
B11006229,C
B11006231,C
B11006232,B
B11006233,A
B11006234,D
B11006235,D
B11006237,D
B11006238,B
B11006239,D
B11006240,D
B11006241,D
B11006242,C
B11006243,D
B11006244,D
B11006245,D
B11006247,E
B11006248,B
B11006249,E
B11006250,E
B11006251,D
B11006252,D
B11006253,B
B11006255,D
B11006256,D
B11006257,D
B11006258,E
B11006259,D
B11006260,D
B11006261,D
B11006262,D
B11006263,D
B11006264,D
B11006265,D
B11006266,D
B11006270,D
B11006272,D
B11006273,D
B11006274,D
B11006275,C
B11006279,D
B11006280,D
B11006282,D
B11006284,D
B11006287,D
B11006288,D
B11006291,D
B11006292,D
B11006293,D
B11006295,D
B11006296,D
B11006298,D
B11006299,D
B11006300,D
B11006301,A
B11006303,E
B11006304,A
B11006305,C
B11006307,E
B11006308,D
B11006309,C
B11006312,D
B11006313,D
B11006314,D
B11006315,C
B11006317,D
B11006318,B
B11006319,D
B11006321,E
B11006326,E
B11006327,A
B11006328,E
B11006329,E
B11006330,E
B11006331,D
B11006332,E
B11006333,E
B11006334,B
B11006335,E
B11006336,E
B11006337,E
B11006340,B
B11006341,D
B11006342,B
B11006343,E
B11006344,E
B11006345,B
B11006346,E
B11006347,E
B11006348,E
B11006350,E
B11006351,E
B11006352,E
B11006354,D
B11006356,D
B11006358,C
B11006359,D
B11006360,D
B11006361,C
B11006362,C
B11006364,D
B11006365,D
B11006366,D
B11006368,D
B11006369,D
B11006370,D
B11006371,E
B11006372,D
B11006373,D
B11006374,D
B11006375,A
B11006376,A
B11006377,C
B11006378,A
B11006379,A
B11006380,E
B11006381,A
B11006382,C
B11006383,A
B11006384,D
B11006385,E
B11006386,A
B11006387,C
B11006388,C
B11006389,C
B11006390,C
B11006393,A
B11006394,A
B11006395,A
B11006397,A
B11006398,A
B11006399,A
B11006400,A
B11006401,A
B11006402,E
B11006404,A
B11006405,A
B11006406,E
B11006407,A
B11006408,A
B11006409,E
B11006410,A
B11006411,A
B11006412,B
B11006413,A
B11006414,A
B11006415,A
B11006416,C
B11006417,A
B11006418,D
B11006419,E
B11006421,E
B11006422,B
B11006423,E
B11006424,B
B11006425,E
B11006426,B
B11006427,B
B11006428,B
B11006429,B
B11006430,B
B11006432,B
B11006433,E
B11006434,B
B11006435,B
B11006436,B
B11006437,B
B11006438,E
B11006440,B
B11006441,E
B11006442,E
B11006443,B
B11006444,E
B11006445,B
B11006447,E
B11006448,D
B11006449,E
B11006451,E
B11006452,E
B11006453,B
B11006455,E
B11006456,B
B11006457,E
B11006458,E
B11006459,E
B11006460,B
B11006462,A
B11006463,C
B11006464,E
B11006465,B
B11006466,B
B11006467,B
B11006468,B
B11006470,E
B11006471,E
B11006473,E
B11006474,E
B11006475,B
B11006476,B
B11006477,E
B11006478,B
B11006479,B
B11006480,B
B11006481,B
B11006482,E
B11006483,B
B11006484,B
B11006485,E
B11006486,E
B11006487,E
B11006488,B
B11006489,E
B11006490,E
B11006491,B
B11006492,B
B11006493,B
B11006494,B
B11006495,B
B11006496,B
B11006497,E
B11006498,B
B11006499,B
B11006500,B
B11006501,B
B11006502,B
B11006503,B
B11006504,B
B11006505,B
B11006506,B
B11006507,B
B11006508,B
B11006509,E
B11006511,B
B11006512,E
B11006513,E
B11006514,B
B11006515,B
B11006516,B
B11006517,B
B11006519,B
B11006520,B
B11006521,B
B11006522,E
B11006523,B
B11006524,D
B11006530,D
B11006531,D
B11006533,B
