name,Num_EV,SolarCapacity,BuyPowerEnergy,TripEnergy,ContractPower,Cost
B11003785,0,32.53012,160236.75914566425,0.0,51.0,417.18058
B11003797,0,311.82796,1283903.5578046471,0.0,396.29032,3408.5638
B11003798,0,27.272727,187243.18185805698,0.0,53.0,455.10058
B11003800,0,25.0,132655.5,0.0,58.5,374.8406
B11003803,0,56.060606,349745.5909817399,0.0,133.87879,929.64278
B11003805,0,67.021277,345475.9786316397,0.0,87.0,847.53393
B11003808,0,7.7922078,188600.03906092377,0.0,86.0,489.38003
B11003809,0,307.14286,1550634.0709146585,0.0,370.0,3773.8891
B11003811,0,11.111111,110046.2222564791,0.0,81.666667,360.82818
B11003819,0,22.727273,123621.95449833653,0.0,66.090909,371.69255
B11003822,0,41.463415,276044.02453330246,0.0,116.58537,750.86371
B11003823,0,150.0,485967.5,0.0,246.5,1541.9252
B11003824,0,28.947368,131642.86839320563,0.0,60.131579,383.52406
B11003826,0,115.78947,461636.6318557878,0.0,143.52632,1234.1829
B11003828,0,6.0606061,56706.87884026544,0.0,37.69697,177.66662
B11003829,0,245.28302,2225344.247221425,0.0,715.54717,5441.9059
B11003830,0,61.627907,287703.87225104973,0.0,85.069767,741.62472
B11003831,0,28.571429,196789.71435268072,0.0,62.0,490.86743
B11003833,0,26.530612,967545.9584499946,0.0,430.73469,2465.594
B11003834,0,35.802469,184185.82710137466,0.0,64.0,487.57791
B11003838,0,9.5238095,87237.04767084797,0.0,45.714286,248.86347
B11003839,0,132.35294,466315.7352010729,0.0,229.47059,1444.7458
B11003840,0,27.118644,92337.37296121578,0.0,67.372881,332.02251
B11003841,0,95.555556,315371.2220822334,0.0,104.53333,885.44603
B11003842,0,58.695652,349095.3039822897,0.0,166.0,998.19007
B11003843,0,12.820513,59612.10259199983,0.0,29.0,176.73897
B11003844,0,17.105263,79707.43415630021,0.0,54.802632,268.63889
B11003845,0,145.71429,461421.48573376803,0.0,138.71429,1277.2311
B11003846,0,71.111111,225365.71120089586,0.0,65.444444,619.05749
B11003847,0,25.641026,144622.0768826613,0.0,62.461538,403.13042
B11003849,0,80.519481,629361.7797102965,0.0,381.0,1919.8257
B11003850,0,38.461538,209078.1538462146,0.0,115.92308,637.05163
B11003851,0,124.65753,624228.5749798338,0.0,128.0,1478.6952
B11003852,0,73.684211,352076.2106163091,0.0,97.052632,890.23537
B11003856,0,33.898305,339932.5423994013,0.0,137.98305,882.89771
B11003858,0,129.03226,444137.6128914018,0.0,234.51613,1413.5626
B11003859,0,182.8125,859214.3960900092,0.0,225.0,2153.9152
B11003860,0,127.8481,519147.8484532011,0.0,165.60759,1392.2268
B11003861,0,126.43678,471754.3674982547,0.0,125.73563,1233.3188
B11003862,0,183.33333,649295.1670154696,0.0,304.16667,1978.9489
B11003863,0,259.59596,1073113.362344899,0.0,463.0202,3113.4354
B11003864,0,168.83117,676168.4929835866,0.0,188.31169,1762.0852
B11003865,0,57.142857,454631.7140926399,0.0,175.14286,1182.768
B11003866,0,35.416667,132936.3332816103,0.0,57.875,392.51652
B11003867,0,183.69565,709177.6403161769,0.0,178.0,1820.4464
B11003868,0,80.851064,486245.70205180545,0.0,150.0,1224.6238
B11003869,0,79.710145,447754.27590948006,0.0,176.2029,1213.9632
B11003870,0,230.12048,1132438.4968782286,0.0,323.0,2873.0838
B11003871,0,108.98876,453921.62870192144,0.0,169.0,1261.2449
B11003872,0,167.0,680256.3799999987,0.0,205.0,1799.0992
B11003873,0,89.74359,306456.48714729387,0.0,110.0,871.91325
B11003874,0,139.13043,735838.001048931,0.0,297.21739,2024.9142
B11003875,0,74.285714,254814.31428713317,0.0,135.05714,812.48352
B11003880,0,9.5238095,55808.285747083435,0.0,47.47619,202.1379
B11003881,0,27.586207,123202.17252033301,0.0,50.172414,347.47741
B11003883,0,110.52632,548289.6317353449,0.0,146.0,1368.4844
B11003884,0,168.11594,558523.3040834959,0.0,256.23188,1709.8365
B11003886,0,100.0,331713.00000000006,0.0,147.0,1005.2984
B11003887,0,82.142857,337467.78554447973,0.0,87.0,861.56163
B11003888,0,356.16438,1018326.3296107228,0.0,396.63014,3063.0241
B11003889,0,80.0,293715.4000000013,0.0,106.8,827.76608
B11003890,0,68.085106,345134.5107389516,0.0,106.0,887.27108
B11003891,0,40.0,143762.40000000125,0.0,47.0,395.99744
B11003892,0,52.112676,276662.97172732756,0.0,54.0,644.28395
B11003893,0,65.882353,539823.5418840148,0.0,260.68235,1507.4457
B11003894,0,139.70588,494421.0586187285,0.0,167.41176,1377.3573
B11003895,0,52.173913,225838.39135402787,0.0,149.82609,756.71868
B11003896,0,52.941176,182958.52934894405,0.0,122.17647,633.59845
B11003897,0,98.148148,374112.2039565627,0.0,113.03704,1001.2177
B11003899,0,13.513514,116779.0270896969,0.0,81.054054,374.62696
B11003900,0,30.0,106565.09999999912,0.0,81.1,387.64104
B11003901,0,26.744186,165019.90691582457,0.0,64.0,440.83398
B11003902,0,68.0,281007.8000000033,0.0,112.32,797.28874
B11003903,0,44.897959,190280.4895699916,0.0,69.857143,525.30998
B11003904,0,27.272727,113670.81820594826,0.0,49.454545,330.22015
B11003905,0,67.088608,302671.97480865446,0.0,108.3038,822.21775
B11003907,0,85.714286,322976.2856282694,0.0,88.714286,848.17874
B11003908,0,23.809524,552253.1899313724,0.0,294.04762,1520.0784
B11003909,0,294.87179,1193956.2299182953,0.0,399.15385,3240.3375
B11003910,0,46.268657,246520.1788860985,0.0,95.223881,668.98757
B11003912,0,24.285714,158887.14291533886,0.0,70.0,438.78257
B11003916,0,118.18182,449363.2727620806,0.0,124.09091,1179.5169
B11003919,0,6.6666667,122843.53327907652,0.0,60.0,329.63099
B11003920,0,80.357143,333695.1251611811,0.0,97.0,872.56373
B11003922,0,111.11111,510771.22235524823,0.0,120.77778,1258.5239
B11003924,0,76.25,304980.47499999776,0.0,80.2375,785.45645
B11003926,0,75.757576,430388.78771113395,0.0,129.72727,1085.2446
B11003928,0,8.5365854,45854.5243456808,0.0,26.231707,141.52871
B11003929,0,9.375,104766.96875,0.0,52.0,289.34937
B11003930,0,13.157895,117802.34208912386,0.0,59.0,331.06621
B11003931,0,9.3333333,67979.65337117478,0.0,30.72,187.41309
B11003932,0,36.585366,247451.0973756733,0.0,131.80488,727.21208
B11003933,0,61.538462,280279.92290199274,0.0,95.384615,750.43188
B11003934,0,162.96296,320677.62901604886,0.0,169.74074,1145.3556
B11003935,0,18.181818,77321.09090713246,0.0,25.909091,208.34356
B11003937,0,61.538462,319028.3845366683,0.0,115.0,852.06818
B11003938,0,20.0,191307.19999999888,0.0,106.0,555.79632
B11003939,0,15.384615,244028.76914531447,0.0,129.84615,680.14683
B11003941,0,58.823529,323802.7647789995,0.0,96.0,816.49299
B11003942,0,231.74603,1036167.620903866,0.0,350.36508,2777.2351
B11003943,0,87.5,459266.0,0.0,231.875,1358.7111
B11003944,0,20.454545,277128.4774234778,0.0,64.0,609.04358
B11003945,0,37.5,414538.125,0.0,130.0,992.5275
B11003946,0,93.181818,372588.59095898975,0.0,108.06818,979.92365
B11003947,0,35.135135,325300.10816529597,0.0,92.0,768.75864
B11003948,0,101.0101,591130.7373396148,0.0,242.9798,1616.1157
B11003949,0,10.638298,168121.80834261497,0.0,76.0,441.45867
B11003950,0,30.612245,297187.3675242172,0.0,99.0,729.89572
B11003951,0,70.967742,405357.7743635888,0.0,126.6129,1030.3995
B11003954,0,32.0,210299.839999997,0.0,75.0,544.83974
B11003955,0,25.0,157796.0,0.0,81.0,460.5334
B11003956,0,32.0,189288.59999999916,0.0,82.0,525.36736
B11003958,0,29.166667,169130.5832657016,0.0,81.0,486.06457
B11003961,0,31.666667,205692.84993559655,0.0,79.0,544.96009
B11003962,0,33.333333,179174.66672981056,0.0,71.0,489.32293
B11003963,0,66.666667,282937.3332327695,0.0,132.33333,838.45227
B11003964,0,26.315789,712988.8944445753,0.0,300.15789,1794.0518
B11003965,0,31.034483,164379.5517244504,0.0,66.0,451.46629
B11003966,0,31.578947,196239.94748496448,0.0,77.0,525.63815
B11003967,0,32.954545,197159.647807903,0.0,82.0,539.65535
B11003968,0,34.615385,218246.69226444082,0.0,84.0,580.38422
B11003969,0,84.615385,861041.769975612,0.0,345.0,2225.0351
B11003971,0,28.409091,181894.3067445558,0.0,77.0,497.05863
B11003972,0,26.415094,185260.35843942178,0.0,76.0,496.88417
B11003974,0,46.987952,190138.9876859867,0.0,81.650602,552.62553
B11003977,0,84.52381,409590.35705072264,0.0,227.92857,1265.9724
B11003983,0,150.0,360679.0,0.0,157.5,1161.6124
B11003985,0,20.253165,128616.98725266587,0.0,47.78481,338.30009
B11003989,0,59.0,302151.18000000075,0.0,97.46,785.11406
B11003994,0,198.91304,1044362.1753289697,0.0,298.0,2626.2485
B11003997,0,71.910112,306261.4833191637,0.0,108.8427,837.60814
B11004002,0,229.78723,981705.9584358255,0.0,306.21277,2597.3966
B11004003,0,80.0,173886.20000000004,0.0,113.8,650.18496
B11004006,0,142.62295,757099.4415348817,0.0,331.57377,2134.5591
B11004007,0,168.88889,679328.3995040044,0.0,241.0,1873.716
B11004011,0,93.548387,375349.9355903612,0.0,171.45161,1113.0777
B11004015,0,57.971014,601501.4504553634,0.0,497.52174,2070.6928
B11004016,0,64.864865,194639.29716889697,0.0,92.459459,613.40009
B11004021,0,18.181818,341670.7273226447,0.0,164.0,910.35709
B11004024,0,7.6923077,63413.23081825167,0.0,35.0,185.84302
B11004026,0,677.64706,2641752.6248173253,0.0,742.89412,6930.8682
B11004027,0,74.358974,440930.2564266939,0.0,114.0,1067.8468
B11004028,0,50.0,246788.5000000001,0.0,78.5,642.2444
B11004029,0,46.774194,236390.48382321102,0.0,113.12903,689.86012
B11004031,0,19.753086,127453.69129395491,0.0,67.0,374.38123
B11004033,0,73.033708,301557.89901975374,0.0,111.34831,837.14014
B11004034,0,73.563218,300590.37937564915,0.0,103.05747,819.77786
B11004035,0,87.878788,423198.18152989255,0.0,135.0,1105.9099
B11004037,0,7.8947368,84897.21055888201,0.0,49.0,248.86789
B11004044,0,275.86207,1285568.4837643276,0.0,339.68966,3233.0096
B11004046,0,149.27536,617761.9715930125,0.0,143.50725,1543.3824
B11004049,0,28.915663,180202.36126190386,0.0,80.0,501.31308
B11004050,0,13.095238,146808.0953072376,0.0,48.738095,356.62694
B11004054,0,115.90909,953058.545997494,0.0,294.0,2324.7475
B11004055,0,250.53763,1196379.5255213815,0.0,509.0,3387.4987
B11004056,0,88.52459,496335.67175472865,0.0,149.0,1252.3674
B11004058,0,40.0,1109566.5999999952,0.0,408.0,2670.793
B11004059,0,7.1428571,211778.3569818852,0.0,143.64286,641.79743
B11004060,0,94.117647,573162.176596448,0.0,144.0,1375.1135
B11004061,0,45.679012,201839.27177294664,0.0,66.08642,537.57052
B11004062,0,90.909091,426764.0000724457,0.0,151.0,1149.3268
B11004064,0,235.0,758330.9500000051,0.0,300.2,2237.0987
B11004065,0,106.45161,411990.35486691917,0.0,113.0,1076.4866
B11004066,0,72.413793,390398.3100740692,0.0,176.10345,1109.0416
B11004067,0,123.07692,457942.99975669046,0.0,164.92308,1284.4469
B11004069,0,42.857143,198671.7144293708,0.0,80.142857,555.89886
B11004070,0,200.0,525974.0,0.0,195.0,1590.6144
B11004071,0,161.66667,709765.4160193302,0.0,193.38333,1813.372
B11004072,0,37.5,121212.125,0.0,65.875,393.6221
B11004073,0,25.333333,133800.16003709723,0.0,46.0,352.00372
B11004074,0,44.186047,190856.44209305916,0.0,45.0,474.73654
B11004079,0,276.47059,988837.8815103505,0.0,326.47059,2732.6077
B11004080,0,162.63736,528114.4070450125,0.0,167.74725,1472.648
B11004081,0,230.98592,898996.6195768741,0.0,247.0,2347.5322
B11004082,0,30.864198,260858.54303949696,0.0,99.691358,673.61392
B11004083,0,82.45614,347462.1230024258,0.0,116.35088,937.4209
B11004084,0,101.16279,402120.2323800271,0.0,144.98837,1115.9488
B11004085,0,43.820225,284971.41584711004,0.0,108.0,751.98156
B11004086,0,185.29412,732958.7945387145,0.0,216.29412,1938.7183
B11004087,0,166.26506,919936.1334028144,0.0,225.0,2221.6983
B11004088,0,31.578947,292228.5791236575,0.0,89.0,703.46956
B11004091,0,210.29412,781860.0005515853,0.0,260.48529,2150.6367
B11004092,0,267.69231,1220796.5233832654,0.0,304.29231,3043.3422
B11004093,0,26.744186,160611.0930278593,0.0,114.39535,535.6188
B11004094,0,22.222222,200278.8888820793,0.0,88.777778,539.2928
B11004095,0,176.92308,999558.3848807856,0.0,568.38462,3061.9235
B11004097,0,50.0,394296.5,0.0,166.0,1055.0772
B11004098,0,77.272727,411019.59086044086,0.0,121.0,1039.3072
B11004099,0,64.367816,318651.97708770185,0.0,94.0,814.05124
B11004100,0,64.948454,315137.4740488742,0.0,93.350515,808.14619
B11004101,0,53.535354,307208.87868282234,0.0,102.0,792.68106
B11004102,0,48.571429,279759.2000398678,0.0,90.0,715.70101
B11004103,0,51.764706,238993.40013368553,0.0,70.0,615.72779
B11004104,0,48.888889,236337.2665639632,0.0,74.0,614.4566
B11004105,0,53.012048,269953.0725176106,0.0,90.0,707.8933
B11004106,0,56.521739,251629.0000903949,0.0,106.86957,718.8945
B11004107,0,144.44444,695574.3339571697,0.0,167.55556,1707.9041
B11004120,0,429.78723,2256205.4479989475,0.0,516.0,5415.5339
B11004121,0,78.378378,346949.35123023903,0.0,243.94595,1187.2066
B11004123,0,194.59459,930198.6209504035,0.0,329.0,2498.5664
B11004124,0,292.0,1313048.9999999977,0.0,498.4,3626.3451
B11004125,0,51.388889,229553.7359836732,0.0,112.375,685.58866
B11004126,0,842.85714,4221262.000858206,0.0,912.0,10093.06
B11004127,0,376.27119,1635195.4073786123,0.0,547.89831,4391.3869
B11004128,0,355.26316,1380933.2116660986,0.0,489.23684,3828.7351
B11004129,0,647.12644,3722181.3354713153,0.0,777.0,8674.3012
B11004130,0,254.32099,1298849.5652541297,0.0,397.37037,3332.5851
B11004131,0,421.42857,2174605.3558162595,0.0,715.14286,5672.565
B11004132,0,70.967742,365508.0324404065,0.0,103.0,918.92299
B11004133,0,140.90909,661038.4093105232,0.0,295.27273,1904.4622
B11004134,0,44.0,392090.8799999953,0.0,160.56,1029.9051
B11004135,0,44.444444,436220.4450460696,0.0,187.0,1154.7312
B11004136,0,42.857143,205596.85725849078,0.0,75.428571,557.45246
B11004137,0,180.0,749992.3999999966,0.0,236.2,1996.8008
B11004138,0,75.0,329797.25,0.0,183.0,1030.607
B11004141,0,60.0,210228.3999999984,0.0,151.8,749.62288
B11004166,0,390.0,2118329.0000000135,0.0,559.2,5211.6078
B11004167,0,264.19753,1341829.2825016794,0.0,422.0,3468.6551
B11004168,0,104.41176,718825.2347100516,0.0,206.0,1751.7361
B11004169,0,26.470588,265634.6468879851,0.0,150.41176,775.95282
B11004170,0,261.11111,1354295.5007043795,0.0,462.38889,3564.7405
B11004175,0,165.51724,883244.3798347352,0.0,276.37931,2265.4914
B11004180,0,87.628866,501250.113135162,0.0,202.0,1365.743
B11004181,0,70.0,669991.7000000031,0.0,241.0,1683.2495
B11004183,0,28.409091,320940.5228802035,0.0,149.0,865.03017
B11004192,0,26.470588,199779.91172557927,0.0,93.411765,555.39965
B11004193,0,42.553191,294513.893585856,0.0,131.44681,812.38186
B11004194,0,50.0,390830.00000000047,0.0,175.0,1067.718
B11004195,0,151.35135,651948.4329921738,0.0,176.94595,1669.3385
B11004196,0,492.95775,2221296.1132407417,0.0,791.0,6027.5266
B11004197,0,358.94737,1436925.4427726783,0.0,454.05263,3853.7618
B11004198,0,554.16667,2509206.7906683153,0.0,837.91667,6691.6387
B11004199,0,306.25,1138218.25,0.0,397.625,3168.2635
B11004201,0,236.84211,935790.0003766232,0.0,263.89474,2450.9372
B11004204,0,77.777778,286049.44432478154,0.0,112.77778,823.636
B11004208,0,56.944444,399445.54210509686,0.0,147.0,1037.2469
B11004210,0,94.565217,494959.0653532969,0.0,217.54348,1399.3996
B11004213,0,39.189189,202018.72966826716,0.0,63.0,520.10118
B11004216,0,30.434783,168690.04349069635,0.0,55.0,435.06981
B11004217,0,61.627907,337157.4536665827,0.0,105.0,861.02546
B11004226,0,60.227273,322948.00001611083,0.0,99.0,823.67941
B11004227,0,64.285714,351642.0000993778,0.0,117.0,913.16794
B11004228,0,49.484536,259633.8969823971,0.0,84.0,672.99649
B11004229,0,378.08219,1380526.6582024335,0.0,384.43836,3656.8116
B11004230,0,76.315789,312769.13148550567,0.0,110.18421,858.55139
B11004231,0,228.39506,1003434.3347333715,0.0,344.71605,2707.4984
B11004232,0,207.69231,1461989.6924913751,0.0,395.0,3506.0534
B11004233,0,65.384615,311529.30769385205,0.0,139.03846,895.47351
B11004235,0,125.0,624172.0,0.0,214.0,1653.0014
B11004239,0,150.0,559186.0,0.0,222.5,1610.5756
B11004240,0,348.52941,1374584.0747873916,0.0,493.05882,3814.3475
B11004241,0,90.361446,362468.7112680774,0.0,141.48193,1026.2482
B11004243,0,111.36364,447088.93153323716,0.0,153.77273,1223.7567
B11004244,0,18.518519,141835.40738198764,0.0,117.07407,496.39031
B11004245,0,129.72973,695724.811131779,0.0,311.62162,1973.1549
B11004252,0,113.84615,440699.1999648683,0.0,202.89231,1317.2004
B11004254,0,80.246914,393958.3827007153,0.0,140.39506,1056.482
B11004271,0,208.0,688125.3200000039,0.0,236.2,1947.5135
B11004273,0,310.71429,1226190.1076199946,0.0,502.92857,3529.7401
B11004274,0,159.72222,598070.2784373377,0.0,192.20833,1628.834
B11004275,0,230.76923,928366.923800936,0.0,327.69231,2557.2031
B11004276,0,106.81818,443526.22733715514,0.0,154.93182,1212.3305
B11004278,0,152.94118,684737.7060021919,0.0,176.0,1722.7117
B11004279,0,340.0,1669945.0000000035,0.0,596.6,4481.0213
B11004280,0,432.75862,1666829.723089529,0.0,520.34483,4486.5869
B11004281,0,20.0,75077.00000000071,0.0,209.2,578.37456
B11004282,0,87.912088,325642.8130886718,0.0,130.72527,941.24209
B11004283,0,278.94737,1003746.6326637978,0.0,343.31579,2794.8987
B11004284,0,592.40506,2231769.9119359995,0.0,613.37975,5861.8686
B11004285,0,20.0,87227.40000000098,0.0,96.0,369.06064
B11004287,0,89.473684,388275.0524935986,0.0,359.0,1505.5231
B11004289,0,79.775281,576062.1573696233,0.0,295.80899,1661.0714
B11004290,0,65.822785,231464.58217882615,0.0,129.07595,748.01545
B11004292,0,158.69565,627153.9120217734,0.0,197.23913,1683.7119
B11004293,0,64.646465,262125.40403884192,0.0,188.36364,914.79336
B11004294,0,155.17241,755997.4144404457,0.0,317.89655,2127.4322
B11004322,0,40.0,225997.40000000148,0.0,111.6,658.11712
B11004323,0,29.166667,377432.62492169265,0.0,118.0,894.11743
B11004324,0,18.867925,308973.6415110348,0.0,125.0,780.44839
B11004325,0,377.89474,1844226.652712313,0.0,501.0,4633.9466
B11004326,0,345.12195,1654688.498760784,0.0,432.0,4133.0787
B11004327,0,362.96296,1744287.2209173203,0.0,517.37037,4480.6209
B11004331,0,365.47619,1546955.9049539582,0.0,437.0,4006.9393
B11004332,0,284.81013,1265521.6075120377,0.0,381.75949,3301.8321
B11004333,0,308.0,1042690.8400000036,0.0,297.44,2816.0721
B11004334,0,321.66667,1304981.7992474672,0.0,358.56667,3383.5207
B11004335,0,297.82609,1328195.6746377738,0.0,363.0,3387.3048
B11004337,0,394.0,1882385.0000000251,0.0,555.06,4832.8312
B11004339,0,304.5977,1399414.6657638205,0.0,390.0,3567.8364
B11004341,0,297.72727,1434212.6816832377,0.0,349.0,3528.4654
B11004343,0,350.60241,1594748.4110586173,0.0,431.98795,4046.878
B11004344,0,416.0,1888779.960000011,0.0,470.84,4711.9214
B11004346,0,419.31818,1981551.8300151995,0.0,480.80682,4886.3871
B11004348,0,308.0,1344550.2400000023,0.0,343.84,3392.8123
B11004349,0,284.78261,1176807.9779055456,0.0,293.76087,2982.0139
B11004351,0,296.77419,1389968.4514563738,0.0,339.0,3435.7749
B11004352,0,37.142857,611043.3710315493,0.0,180.0,1407.342
B11004354,0,45.070423,544041.3104350995,0.0,171.0,1296.0229
B11004356,0,130.43478,599753.7823625435,0.0,305.56522,1808.614
B11004358,0,72.727273,810210.8182010244,0.0,304.0,2039.7514
B11004359,0,37.5,773505.25,0.0,253.0,1815.4333
B11004360,0,259.77011,2136086.5295584523,0.0,578.0,5046.8528
B11004361,0,56.25,952783.3125,0.0,349.0,2329.5563
B11004362,0,108.08081,619155.8179210407,0.0,295.0303,1778.69
B11004363,0,125.0,582680.75,0.0,317.0,1794.7578
B11004364,0,76.829268,925810.7438950975,0.0,277.0,2177.4307
B11004365,0,255.95238,1073211.298604484,0.0,303.88095,2785.5362
B11004366,0,34.693878,235479.3468106963,0.0,84.0,608.09579
B11004367,0,25.925926,749027.5180194426,0.0,390.22222,2033.0236
B11004368,0,67.123288,254340.58888992007,0.0,88.30137,704.52819
B11004369,0,48.148148,229880.70410601937,0.0,110.07407,675.70978
B11004370,0,33.333333,168055.6667024796,0.0,54.0,437.17893
B11004371,0,43.939394,422083.273002806,0.0,201.12121,1159.7514
B11004372,0,56.976744,325302.2210189679,0.0,106.0,835.82207
B11004373,0,72.413793,380135.9998382456,0.0,114.0,967.12328
B11004374,0,52.272727,247524.500018707,0.0,81.0,652.50809
B11004375,0,89.333333,443596.8534556013,0.0,126.10667,1123.158
B11004376,0,41.509434,231997.96246283446,0.0,82.339623,611.26789
B11004377,0,32.58427,154748.69661726136,0.0,48.0,402.43339
B11004378,0,37.5,190299.875,0.0,63.625,499.6157
B11004379,0,43.589744,236530.00014474048,0.0,64.0,585.15099
B11004380,0,29.213483,189851.8315095106,0.0,60.0,476.86486
B11004381,0,35.897436,284693.17978969996,0.0,189.28205,901.72821
B11004383,0,50.0,270440.5,0.0,138.5,801.3356
B11004384,0,242.69663,904510.0775055515,0.0,259.14607,2401.685
B11004385,0,164.70588,573317.0583784992,0.0,152.11765,1517.0596
B11004386,0,262.33766,977384.9464389364,0.0,251.0,2536.6861
B11004387,0,267.94872,1133249.4233682496,0.0,345.60256,2987.2017
B11004388,0,560.97561,1876592.193876248,0.0,616.34146,5243.782
B11004389,0,126.88172,588411.892674485,0.0,166.46237,1503.0612
B11004390,0,131.52174,604876.2500389356,0.0,170.36957,1545.5359
B11004391,0,231.70732,1196039.4881536583,0.0,351.41463,3035.0824
B11004392,0,93.055556,471451.45795891306,0.0,149.0,1220.5951
B11004395,0,89.189189,235908.89187671142,0.0,128.0,794.42744
B11004397,0,58.333333,186722.91674318528,0.0,133.58333,672.24353
B11004400,0,82.926829,375524.43906702724,0.0,128.0,1006.6966
B11004401,0,36.842105,399189.3158928263,0.0,156.0,1019.3424
B11004402,0,30.952381,392388.6669420999,0.0,135.45238,956.48451
B11004403,0,44.680851,326821.95709975157,0.0,122.65957,850.09411
B11004404,0,44.444444,394060.4445298497,0.0,97.0,905.4032
B11004405,0,62.0,498114.5000000053,0.0,187.04,1285.0036
B11004406,0,84.337349,375155.00040575117,0.0,122.25301,996.99568
B11004408,0,40.0,188168.40000000133,0.0,74.6,522.82112
B11004409,0,26.0,132325.5600000006,0.0,47.0,352.8485
B11004416,0,26.315789,163779.94733917614,0.0,58.0,425.96484
B11004417,0,44.827586,224222.2758333164,0.0,68.0,575.73901
B11004421,0,43.023256,336525.93016184005,0.0,89.0,794.65897
B11004426,0,569.5122,2346375.475827082,0.0,716.0,6211.9777
B11004428,0,77.272727,317692.4091410046,0.0,170.18182,989.37036
B11004430,0,731.70732,2579584.4638915914,0.0,749.68293,6941.0749
B11004433,0,39.772727,180344.1932562375,0.0,63.0,486.4577
B11004434,0,31.25,147043.75,0.0,79.0,450.38195
B11004435,0,190.90909,801514.5457464043,0.0,368.36364,2365.6761
B11004437,0,229.21348,891668.9120748886,0.0,271.0,2381.161
B11004440,0,159.21053,659660.3279887511,0.0,290.26316,1924.619
B11004441,0,239.0,926890.27999999,0.0,391.71,2698.817
B11004442,0,55.0,374771.70000000234,0.0,140.9,981.99044
B11004443,0,137.5,581887.875,0.0,274.875,1730.5505
B11004444,0,72.0,251535.6799999971,0.0,145.4,824.08141
B11004445,0,39.08046,190295.7930354011,0.0,128.87356,634.26878
B11004446,0,213.23529,948781.5300002682,0.0,535.47059,2978.6221
B11004447,0,85.915493,350789.8174899687,0.0,234.84507,1188.3386
B11004448,0,178.40909,607800.7165240622,0.0,214.21591,1722.0448
B11004449,0,35.185185,308473.2035967643,0.0,136.0,830.83963
B11004450,0,103.52941,394367.5177305403,0.0,108.96471,1034.9486
B11004451,0,236.70886,1126067.7721035278,0.0,344.0,2917.0219
B11004452,0,278.87324,1391593.8603213483,0.0,345.42254,3419.58
B11004453,0,157.89474,538014.6317625187,0.0,199.10526,1543.4385
B11004454,0,73.913043,422469.1741832272,0.0,118.0,1045.6007
B11004455,0,47.368421,263238.5789982673,0.0,90.0,687.13267
B11004456,0,42.857143,484533.85753186146,0.0,191.0,1237.2984
B11004460,0,116.66667,1209393.666166402,0.0,472.83333,3097.6148
B11004465,0,71.428571,411376.2852232902,0.0,181.42857,1151.6186
B11004476,0,224.65753,796584.3965938012,0.0,233.50685,2145.1728
B11004477,0,55.294118,298966.9411971787,0.0,85.0,748.26216
B11004478,0,55.05618,260931.280851202,0.0,86.0,689.00357
B11004479,0,7.5,273119.4999999978,0.0,108.0,668.5501
B11004480,0,160.65574,844175.5740222406,0.0,287.0,2215.8145
B11004481,0,197.95918,1927158.2048421,0.0,549.0,4544.2499
B11004482,0,200.0,861014.0,0.0,454.0,2650.0656
B11004483,0,346.34146,1625995.4895075879,0.0,587.53659,4403.6428
B11004485,0,634.48276,3208255.412656886,0.0,903.96552,8086.1491
B11004486,0,130.58824,491850.74132420117,0.0,180.71765,1383.9495
B11004487,0,31.666667,224545.61662636048,0.0,82.783333,582.76988
B11004488,0,189.85507,604612.6233353094,0.0,265.31884,1840.5293
B11004489,0,232.75862,876720.4137257368,0.0,468.03448,2761.7033
B11004490,0,520.77922,2398155.3641507016,0.0,693.75325,6163.3683
B11004491,0,72.727273,360365.27275766485,0.0,118.0,944.12975
B11004492,0,50.746269,324716.71649704257,0.0,198.44776,1010.6446
B11004493,0,203.50877,1162159.5785459627,0.0,384.0,2996.6706
B11004494,0,120.93023,551659.2329145547,0.0,207.0,1515.6115
B11004495,0,83.333333,322104.8334433314,0.0,88.0,841.1148
B11004497,0,85.483871,352134.9031783885,0.0,100.29032,917.8164
B11004498,0,170.58824,756838.5299141991,0.0,245.0,2008.8318
B11004499,0,109.33333,467413.4268452303,0.0,152.81333,1250.7333
B11004500,0,63.636364,284164.72717224876,0.0,92.727273,755.00138
B11004501,0,320.96774,1171394.2747229836,0.0,347.79032,3146.7633
B11004509,0,343.75,1698729.9375,0.0,738.5625,4820.6113
B11004542,0,3.7037037,98790.66679285053,0.0,42.851852,251.23416
B11004545,0,85.714286,1343509.1433350334,0.0,340.14286,2989.1182
B11004558,0,88.888889,433209.88863094186,0.0,161.33333,1176.936
B11004559,0,56.097561,286760.99983509956,0.0,114.43902,789.64915
B11004560,0,106.12245,508024.0217162863,0.0,146.0,1296.2426
B11004561,0,75.0,608107.25,0.0,294.0,1700.2118
B11004563,0,19.672131,148047.36067275063,0.0,62.0,397.08341
B11004564,0,85.714286,801541.8573646505,0.0,377.57143,2197.6062
B11004565,0,390.47619,2024337.3814883095,0.0,672.09524,5290.2051
B11004566,0,230.43478,956984.3910821804,0.0,239.0,2423.168
B11004567,0,61.176471,270933.9646574551,0.0,115.94118,776.37651
B11004575,0,2.5641026,62738.66669969613,0.0,26.0,157.47395
B11004576,0,3.4482759,87163.3447618241,0.0,32.965517,212.19876
B11004577,0,2.3255814,74708.09300375025,0.0,32.0,188.32646
B11004578,0,3.7735849,78516.30186032034,0.0,27.0,186.8858
B11004579,0,5.6338028,81733.57754042174,0.0,28.0,197.35612
B11004580,0,3.7735849,74207.09434341102,0.0,32.0,190.09506
B11004581,0,3.2608696,85241.67387998043,0.0,28.0,198.75712
B11004691,0,353.26087,1703118.097145112,0.0,558.0,4479.6334
B11004694,0,76.315789,400981.05245238077,0.0,159.23684,1098.816
B11004859,0,116.0,462295.60000000155,0.0,144.84,1238.2656
B11004863,0,75.0,288254.50000000023,0.0,92.5,781.2562
B11004864,0,67.46988,265929.67460405873,0.0,79.325301,705.54708
B11004874,0,47.297297,300791.7430799164,0.0,102.63514,772.62457
B11004875,0,12.5,172007.12500000012,0.0,103.125,505.7939
B11004876,0,6.5789474,187579.71063651307,0.0,99.0,511.86437
B11004877,0,7.0588235,108563.14120199416,0.0,65.788235,319.1753
B11004878,0,14.285714,171425.00004345048,0.0,91.0,483.52994
B11004879,0,33.333333,152511.33333920912,0.0,53.0,410.2872
B11004880,0,29.268293,147646.63407983424,0.0,57.0,403.37143
B11004881,0,18.75,138900.8125,0.0,59.0,374.74975
B11004882,0,18.421053,152711.52619785033,0.0,57.0,392.22141
B11004883,0,20.0,178073.99999999988,0.0,68.0,457.8328
B11004884,0,18.75,154678.37500000006,0.0,55.0,391.91065
B11004885,0,7.9545455,70343.18187307645,0.0,29.0,185.27161
B11004886,0,13.72549,148343.80384746022,0.0,51.0,364.77363
B11004887,0,18.75,175680.8125,0.0,60.0,435.61855
B11004888,0,23.45679,169880.8147208588,0.0,62.061728,438.85945
B11004889,0,25.0,169207.75,0.0,58.0,432.3138
B11004890,0,45.454545,91094.81834425409,0.0,47.363636,322.14596
B11004924,0,86.956522,325398.82597822044,0.0,118.13043,913.70393
B11004927,0,18.181818,99834.81818382206,0.0,44.0,280.92364
B11004951,0,72.727273,262312.6363021154,0.0,105.09091,761.15884
B11005038,0,41.025641,250152.02581251366,0.0,59.0,592.29095
B11005167,0,31.578947,134468.68431890642,0.0,58.0,388.40893
B11005172,0,21.978022,109289.45058680055,0.0,43.56044,301.90105
B11005213,0,31.428571,130913.05712712982,0.0,47.0,360.22421
B11005215,0,36.923077,157536.13842641254,0.0,59.0,436.82348
B11005218,0,35.384615,163460.18465163404,0.0,55.0,435.48799
B11005221,0,24.210526,111293.30525290199,0.0,42.0,305.91657
B11005223,0,39.583333,181382.83338903947,0.0,68.0,497.88735
B11005225,0,43.243243,148621.3784831489,0.0,53.135135,421.92644
B11005241,0,48.101266,200838.10111714105,0.0,63.0,534.03111
B11005250,0,45.679012,204951.61741502298,0.0,64.0,538.33403
B11005255,0,30.769231,114029.23078568077,0.0,48.0,334.06055
B11005257,0,48.75,202251.13750000074,0.0,70.0,551.58907
B11005263,0,27.956989,115459.45158865511,0.0,46.0,327.31558
B11005267,0,68.0,290732.8800000033,0.0,114.0,816.24381
B11005270,0,25.714286,115119.94279613633,0.0,48.0,326.83317
B11005273,0,22.222222,105808.66669261073,0.0,38.0,285.52871
B11005276,0,64.444444,265720.8223590649,0.0,90.0,721.4142
B11005278,0,31.64557,125157.43038609641,0.0,54.0,365.54597
B11005281,0,45.454545,187044.27285796794,0.0,63.0,507.26305
B11005286,0,25.0,115421.25000000001,0.0,48.0,326.0474
B11005288,0,28.865979,167516.8247253885,0.0,58.0,436.47043
B11005290,0,41.25,175497.11249999914,0.0,58.0,471.22053
B11005291,0,26.666667,127301.33329435723,0.0,48.0,348.01387
B11005293,0,38.461538,186718.6923317588,0.0,67.0,502.41274
B11005295,0,49.350649,204911.97450873905,0.0,71.0,558.93336
B11005297,0,52.631579,208563.99992161852,0.0,65.0,558.47545
B11005298,0,43.373494,182364.48185177534,0.0,61.0,492.03992
B11005300,0,47.368421,188751.8948073081,0.0,66.526316,520.51836
B11005304,0,18.518519,104204.11112626648,0.0,42.814815,286.11713
B11005307,0,38.554217,159251.6866514929,0.0,52.0,428.31803
B11005309,0,17.391304,93341.5218301588,0.0,41.0,263.0688
B11005310,0,28.395062,141757.39504657662,0.0,54.0,386.33627
B11005311,0,21.73913,94335.21739056233,0.0,35.0,260.2513
B11005313,0,49.484536,202290.8351241137,0.0,67.0,546.89399
B11005315,0,33.684211,132182.6631895727,0.0,52.0,376.36333
B11005316,0,40.0,123631.2000000007,0.0,60.0,390.05792
B11005317,0,44.047619,191172.76194484267,0.0,61.0,507.32974
B11005318,0,35.616438,154659.04111906514,0.0,56.0,423.83844
B11005319,0,35.789474,145885.88420363673,0.0,51.0,400.00453
B11005320,0,24.324324,125059.6757442622,0.0,53.0,350.37356
B11005321,0,56.944444,217864.01402666487,0.0,68.0,587.07321
B11005323,0,42.553191,184045.2127352898,0.0,60.0,491.25226
B11005324,0,50.0,205623.00000000003,0.0,66.0,551.1196
B11005325,0,28.571429,150206.42856705998,0.0,62.0,416.33417
B11005327,0,25.0,147156.75,0.0,57.0,395.0114
B11005328,0,23.469388,138055.78564820718,0.0,55.0,373.69142
B11005329,0,37.313433,178818.10445630972,0.0,63.0,479.65071
B11005330,0,39.344262,187415.14752112338,0.0,69.0,509.1355
B11005331,0,31.506849,154085.2195450746,0.0,57.0,417.64661
B11005332,0,31.111111,132138.31114865997,0.0,59.377778,386.63413
B11005334,0,28.947368,126024.76312618553,0.0,48.710526,351.45543
B11005336,0,38.636364,161610.3181200405,0.0,58.0,444.36245
B11005340,0,26.744186,139982.02324765723,0.0,49.0,370.46137
B11005342,0,24.137931,127070.10346975696,0.0,52.0,351.23859
B11005344,0,44.827586,211544.13788563153,0.0,71.0,561.51639
B11005361,0,23.333333,95661.00004145959,0.0,38.0,271.26467
B11005386,0,34.246575,141050.84918748256,0.0,54.0,395.59223
B11005388,0,20.547945,87280.79459867036,0.0,41.0,258.97467
B11005390,0,29.113924,116473.8735020076,0.0,43.0,324.92981
B11005391,0,50.746269,217214.88057027292,0.0,79.0,597.26164
B11005395,0,50.0,242659.00000000006,0.0,75.0,628.5644
B11005397,0,33.333333,156284.33337583992,0.0,62.0,434.5112
B11005418,0,22.580645,120028.45168100878,0.0,44.0,321.04137
B11005421,0,58.666667,212480.85324858356,0.0,79.413333,604.58116
B11005422,0,33.962264,121425.86789732212,0.0,51.0,357.62521
B11005424,0,39.759036,180021.06030043826,0.0,60.0,479.85399
B11005426,0,25.274725,100163.21969461585,0.0,38.0,281.91419
B11005427,0,42.307692,181427.34609217284,0.0,71.0,508.85671
B11005428,0,45.833333,169606.4167352323,0.0,60.0,473.97243
B11005432,0,34.831461,166308.85392649355,0.0,61.0,451.18881
B11005435,0,40.0,167096.40000000095,0.0,67.0,473.74784
B11005436,0,50.0,214399.0,0.0,70.0,573.2444
B11005438,0,38.77551,167370.6735134387,0.0,64.0,465.95081
B11005440,0,33.695652,153104.80421685308,0.0,61.0,428.04627
B11005441,0,20.512821,106486.02569215836,0.0,46.0,299.7447
B11005443,0,38.461538,178347.2307902439,0.0,60.0,474.8728
B11005446,0,50.0,189866.00000000012,0.0,64.5,522.8772
B11005448,0,36.956522,162620.0000265136,0.0,57.0,440.97543
B11005450,0,33.766234,115945.66245879375,0.0,43.324675,332.99863
B11005452,0,34.444444,148713.27784831825,0.0,61.0,422.34893
B11005455,0,27.272727,123551.81818870218,0.0,49.0,345.1112
B11005459,0,25.287356,132904.7240494654,0.0,71.747126,402.51921
B11005462,0,33.75,137114.02500000066,0.0,56.0,392.45349
B11005469,0,44.594595,176621.8918151117,0.0,60.0,482.99843
B11005477,0,54.945055,231945.96703070594,0.0,149.25275,770.25097
B11005487,0,30.555556,113985.33324948944,0.0,48.0,333.61104
B11005497,0,60.0,238055.199999999,0.0,84.0,657.13552
B11005505,0,30.0,145944.09999999934,0.0,49.0,385.77976
B11005510,0,45.0,178308.35000000036,0.0,71.0,508.64516
B11005518,0,20.689655,116555.86190637772,0.0,45.0,314.14952
B11005519,0,47.058824,196523.35301137684,0.0,66.0,531.33958
B11005525,0,62.337662,229906.4545294336,0.0,78.25974,636.64696
B11005526,0,50.0,214283.50000000006,0.0,72.0,577.1012
B11005528,0,43.037975,187984.13930593818,0.0,65.0,508.51903
B11005529,0,26.506024,107059.6145180546,0.0,44.46988,308.20831
B11005532,0,43.478261,156011.17384563532,0.0,59.0,446.01899
B11005534,0,51.648352,188316.42833877535,0.0,71.0,536.45891
B11005535,0,43.589744,163635.10269478176,0.0,53.384615,447.06759
B11005538,0,37.931034,191015.24147036477,0.0,62.0,498.24157
B11005539,0,55.0,250976.70000000048,0.0,70.0,640.64372
B11005541,0,20.0,80284.8000000002,0.0,44.0,252.87088
B11005543,0,32.5,179918.54999999903,0.0,72.0,491.05478
B11005546,0,20.930233,93382.48834996132,0.0,46.0,279.51994
B11005549,0,41.37931,156766.137958158,0.0,63.0,451.5845
B11005552,0,45.833333,185506.16673217333,0.0,78.0,535.78643
B11005553,0,38.888889,152379.9999225558,0.0,59.611111,433.29791
B11005554,0,42.105263,206938.94728914739,0.0,71.0,549.31596
B11005555,0,48.809524,187150.7619415338,0.0,65.0,517.43012
B11005556,0,34.482759,141828.99991604936,0.0,48.0,385.1317
B11005558,0,32.098765,108699.24681173096,0.0,47.0,325.8717
B11005559,0,30.379747,119990.37986982713,0.0,48.0,342.90706
B11005560,0,40.47619,185104.47611011832,0.0,61.0,491.2812
B11005561,0,36.144578,159429.98791632845,0.0,58.915663,438.30138
B11005562,0,39.473684,162131.28941343594,0.0,64.0,458.80705
B11005563,0,55.844156,218015.61026228502,0.0,82.0,613.65395
B11005564,0,31.481481,120123.07408023841,0.0,45.0,339.01255
B11005565,0,29.268293,128928.63411353507,0.0,48.0,355.23543
B11005566,0,71.25,306399.95000000065,0.0,98.0,814.74707
B11005568,0,26.136364,87586.51129769086,0.0,30.431818,248.02708
B11005569,0,43.421053,214239.71037300816,0.0,68.0,557.27031
B11005570,0,38.095238,188300.5238086925,0.0,65.0,500.25189
B11005571,0,41.25,174109.03749999948,0.0,59.9375,472.91491
B11005572,0,32.323232,161607.98991662305,0.0,68.0,453.36092
B11005573,0,36.904762,154073.98809529145,0.0,62.0,437.31393
B11005575,0,38.202247,140273.33720858506,0.0,51.853933,397.03276
B11005576,0,43.478261,188605.4347874476,0.0,73.0,526.46101
B11005577,0,57.575758,258878.9090368014,0.0,88.0,694.23362
B11005578,0,101.1236,412627.13462066057,0.0,124.0,1090.277
B11005579,0,64.130435,228030.77186123823,0.0,86.793478,654.07302
B11005580,0,39.534884,156705.8371267337,0.0,75.0,472.46376
B11005582,0,50.0,190455.50000000026,0.0,66.0,526.8516
B11005583,0,52.808989,204170.80888565836,0.0,66.0,553.78205
B11005584,0,19.565217,106696.73912202203,0.0,42.0,290.31664
B11005585,0,59.375,265273.28125,0.0,83.0,697.55427
B11005586,0,22.5,104721.52499999986,0.0,43.325,295.0431
B11005588,0,57.831325,251635.30112968717,0.0,87.0,681.07668
B11005589,0,30.30303,144239.90909595048,0.0,58.0,401.77813
B11005590,0,30.487805,140402.31716175788,0.0,49.0,377.77876
B11005591,0,47.142857,206731.58561016663,0.0,66.0,547.82191
B11005593,0,26.086957,120536.69554673311,0.0,47.0,334.14066
B11005594,0,48.051948,209672.0262235891,0.0,76.0,574.34825
B11005595,0,50.0,226999.0,0.0,77.0,607.55
B11005596,0,54.929577,227950.43656716964,0.0,74.0,611.7599
B11005598,0,25.0,94943.00000000106,0.0,44.0,285.199
B11005599,0,30.232558,144697.51157617674,0.0,58.0,402.38521
B11005600,0,23.076923,97325.23078658368,0.0,40.0,277.51391
B11005601,0,51.25,261212.97499999957,0.0,85.0,680.67751
B11005602,0,23.255814,120604.46514144998,0.0,49.0,333.26541
B11005603,0,30.588235,136694.49417301978,0.0,55.0,384.14931
B11005604,0,23.076923,131511.23079614528,0.0,56.0,364.54431
B11005605,0,33.333333,124602.33340029983,0.0,57.0,373.716
B11005606,0,32.142857,182547.71419631242,0.0,78.0,506.75231
B11005607,0,56.0,199779.84000000203,0.0,68.0,556.46214
B11005608,0,44.615385,217301.7076111347,0.0,80.0,588.53904
B11005609,0,71.25,245519.91250000108,0.0,85.8625,692.81155
B11005611,0,101.51515,359964.34832116024,0.0,132.0,1022.878
B11005612,0,28.571429,118591.14289589018,0.0,52.0,345.54171
B11005613,0,35.064935,163836.76629625054,0.0,60.649351,446.93929
B11005614,0,17.977528,116013.46070347607,0.0,54.0,326.65485
B11005615,0,43.939394,197458.54529581053,0.0,68.0,531.3405
B11005616,0,28.0,177659.7200000029,0.0,54.0,443.07875
B11005617,0,22.222222,97651.33338935082,0.0,36.444444,269.33351
B11005618,0,28.571429,123563.14285419986,0.0,54.0,357.53851
B11005619,0,32.183908,135534.83913807987,0.0,53.0,381.08458
B11005620,0,24.705882,115269.96472871471,0.0,43.0,315.17928
B11005621,0,45.882353,187374.38807673453,0.0,64.0,510.5714
B11005622,0,80.722892,325615.93970707874,0.0,114.0,894.63984
B11005623,0,54.761905,233132.69061243982,0.0,79.0,629.85789
B11005624,0,23.595506,122233.79780843119,0.0,48.0,334.4545
B11005625,0,50.0,200789.00000000055,0.0,62.0,535.302
B11005626,0,36.263736,190783.50555050452,0.0,60.0,490.86974
B11005627,0,45.454545,187291.1819104146,0.0,61.0,503.61651
B11005628,0,34.939759,144759.6746665087,0.0,68.0,431.04795
B11005629,0,62.025316,245190.9241990071,0.0,82.0,668.10602
B11005630,0,66.27907,332235.6279671298,0.0,111.33721,874.21259
B11005631,0,58.695652,240797.4562902914,0.0,77.826087,646.73167
B11005632,0,50.0,225394.5000000005,0.0,78.0,607.0036
B11005633,0,39.534884,207748.13943910445,0.0,68.0,539.98584
B11005634,0,46.153846,230521.46166212726,0.0,70.0,592.21342
B11005635,0,47.945205,197230.65765578658,0.0,80.0,562.33579
B11005636,0,29.333333,121833.1600620782,0.0,51.0,350.06052
B11005637,0,83.529412,300804.76486326545,0.0,110.16471,852.17317
B11005639,0,36.55914,148524.81722971157,0.0,51.0,405.59298
B11005640,0,26.388889,94465.52769253001,0.0,36.0,270.73392
B11005641,0,60.227273,239501.52271812907,0.0,88.0,667.93625
B11005642,0,29.032258,154645.61280186943,0.0,56.0,412.13004
B11005643,0,40.449438,173654.94386310037,0.0,61.0,472.91446
B11005644,0,38.383838,158296.54554109398,0.0,63.0,448.71619
B11005645,0,50.0,263812.00000000047,0.0,183.0,880.6556
B11005646,0,45.348837,189971.5234082001,0.0,64.0,513.77982
B11005648,0,54.411765,219065.20577483592,0.0,67.0,582.47881
B11005649,0,30.0,154111.09999999966,0.0,72.0,445.32536
B11005650,0,37.804878,146268.35361618202,0.0,61.109756,424.62362
B11005651,0,37.209302,158846.60484049967,0.0,52.0,425.28268
B11005652,0,26.086957,103888.39120163131,0.0,41.0,295.37857
B11005653,0,29.67033,170957.70334646202,0.0,53.0,433.29956
B11005654,0,24.691358,117579.50608021852,0.0,46.271605,325.46003
B11005655,0,33.333333,160269.0000640805,0.0,63.0,442.90747
B11005656,0,45.348837,169643.13964502953,0.0,71.186047,495.77597
B11005657,0,30.508475,137894.44074700557,0.0,52.0,379.86525
B11005658,0,23.809524,123815.0952567363,0.0,52.0,345.44766
B11005659,0,23.529412,117897.35301671647,0.0,57.0,345.58607
B11005660,0,29.885057,121042.21833518935,0.0,45.908046,339.48451
B11005661,0,23.611111,100307.88897277878,0.0,42.0,287.27594
B11005662,0,33.333333,146361.66673257083,0.0,48.666667,391.69093
B11005663,0,28.0,143069.80000000188,0.0,50.0,379.65168
B11005664,0,31.034483,134971.13794506964,0.0,54.689655,381.55688
B11005665,0,31.034483,143603.3793220737,0.0,56.0,398.01641
B11005666,0,34.782609,141409.1304546131,0.0,47.0,382.97134
B11005668,0,44.444444,195995.00007963172,0.0,72.666667,539.32569
B11005669,0,33.928571,135255.19638587465,0.0,53.625,384.99693
B11005670,0,36.781609,189188.95411022703,0.0,70.0,509.44568
B11005671,0,35.483871,133268.4838125722,0.0,52.225806,381.75135
B11005672,0,28.888889,130035.17769840559,0.0,58.0,376.54046
B11005674,0,26.666667,111444.86659500591,0.0,43.733333,314.02144
B11005675,0,28.235294,112600.74109787346,0.0,53.717647,338.83145
B11005676,0,47.674419,206738.6163120928,0.0,66.0,548.77668
B11005678,0,18.518519,70676.37036773952,0.0,35.259259,217.20447
B11005679,0,50.0,203057.50000000055,0.0,63.0,540.9524
B11005680,0,27.777778,133108.9999879032,0.0,51.0,365.34076
B11005682,0,21.311475,113915.5080680949,0.0,48.0,317.09108
B11005683,0,42.857143,186405.71437206047,0.0,64.0,503.65177
B11005684,0,41.37931,177856.79319734738,0.0,60.0,479.26714
B11005685,0,50.0,222910.5,0.0,83.5,614.1436
B11005686,0,79.166667,290117.0832353396,0.0,104.25,815.37657
B11005687,0,42.424242,163593.03040004382,0.0,54.0,446.17508
B11005688,0,26.470588,116600.64698831065,0.0,49.0,332.56553
B11005689,0,38.636364,187088.22717067308,0.0,58.0,485.12711
B11005690,0,56.25,252384.5625,0.0,76.0,657.23985
B11005691,0,31.460674,133938.77527953652,0.0,52.370787,375.97562
B11005692,0,45.783133,200073.98791002805,0.0,68.0,538.79784
B11005693,0,28.735632,124772.41377291511,0.0,53.0,357.74401
B11005694,0,32.0,141381.35999999888,0.0,50.0,384.05018
B11005695,0,28.205128,121445.10258260307,0.0,42.74359,330.75251
B11005696,0,37.349398,172563.1444206455,0.0,70.0,483.85221
B11005697,0,48.192771,186115.97585897075,0.0,64.0,512.65893
B11005698,0,30.864198,119062.65413263439,0.0,42.0,330.1578
B11005699,0,27.027027,144098.594625085,0.0,56.0,391.69552
B11005700,0,18.75,68454.75,0.0,20.8125,184.86675
B11005701,0,51.086957,226583.05416309636,0.0,89.978261,635.0403
B11005702,0,28.0,150999.1200000027,0.0,57.0,406.48419
B11005703,0,50.980392,283273.5685704722,0.0,115.47059,777.07087
B11005704,0,54.83871,243260.4517454839,0.0,101.0,690.65623
B11005705,0,30.434783,180170.86956867806,0.0,73.695652,491.2193
B11005706,0,53.333333,236094.93343384386,0.0,89.933333,654.15584
B11005707,0,36.363636,181095.0000598045,0.0,57.0,469.48305
B11005708,0,51.219512,222902.31720356285,0.0,73.0,595.07674
B11005709,0,60.240964,243250.59031658748,0.0,92.0,682.04226
B11005710,0,34.482759,151220.82750187445,0.0,52.0,408.24182
B11005711,0,56.962025,248023.8606886955,0.0,88.151899,676.08313
B11005712,0,35.955056,195673.57290561014,0.0,70.0,518.35394
B11005713,0,30.337079,139899.17965859827,0.0,47.0,372.6646
B11005714,0,34.444444,159116.1001932102,0.0,50.655556,418.0894
B11005715,0,37.362637,167775.00015005868,0.0,63.131868,462.33556
B11005716,0,64.130435,259813.0436499707,0.0,73.0,677.05079
B11005717,0,25.287356,132904.7240494654,0.0,71.747126,402.51921
B11005718,0,32.0,125189.9199999992,0.0,57.0,372.28947
B11005719,0,29.545455,140266.99986202997,0.0,46.0,369.82718
B11005720,0,47.058824,225573.0001367512,0.0,85.0,616.21421
B11005721,0,55.882353,214860.617351321,0.0,63.0,570.27856
B11005722,0,45.652174,193406.78265397903,0.0,67.0,525.87706
B11005723,0,35.59322,185463.81366503861,0.0,64.0,489.25127
B11005724,0,69.879518,298811.7952086445,0.0,94.301205,792.69889
B11005725,0,55.172414,190870.79310937304,0.0,75.0,554.8843
B11005726,0,41.176471,181117.8234880336,0.0,70.0,504.33275
B11005727,0,11.764706,42711.76472037738,0.0,20.0,129.63718
B11005728,0,37.974684,190855.10111973414,0.0,72.0,518.27083
B11005729,0,45.945946,212832.89196572607,0.0,79.0,581.72988
B11005730,0,42.857143,178646.85721976048,0.0,67.0,497.3
B11005731,0,48.75,184879.82500000033,0.0,60.0,503.58697
B11005732,0,18.823529,64434.54119929276,0.0,32.0,201.17263
B11005733,0,36.708861,159948.63289516052,0.0,58.0,438.28244
B11005734,0,42.465753,181217.21904805014,0.0,63.0,492.63466
B11005735,0,57.142857,245669.14273799918,0.0,83.0,662.2256
B11005737,0,43.75,171496.875,0.0,54.0,461.17445
B11005738,0,34.444444,169478.62230330502,0.0,68.0,469.71908
B11005739,0,62.195122,271001.3049363245,0.0,102.7561,751.64795
B11005741,0,29.508197,163735.55727072599,0.0,70.0,455.80994
B11005742,0,37.5,136889.375,0.0,61.0,408.8543
B11005743,0,39.344262,177085.32785083342,0.0,56.0,466.33739
B11005744,0,37.078652,174403.8874934593,0.0,77.0,500.46243
B11005745,0,32.0,109947.51999999942,0.0,47.0,327.69363
B11005746,0,28.915663,110390.65048516751,0.0,53.710843,336.48921
B11005747,0,22.580645,99637.3226352947,0.0,45.0,290.43636
B11005749,0,63.529412,274732.11778598576,0.0,99.0,752.39529
B11005750,0,29.487179,108883.8589184985,0.0,51.0,329.61472
B11005764,0,45.614035,105841.5614303584,0.0,55.789474,363.05078
B11005766,0,39.583333,172780.56257157907,0.0,60.0,467.95732
B11005768,0,37.5,179573.75,0.0,62.0,479.1701
B11005769,0,50.0,217745.00000000003,0.0,74.0,586.6812
B11005770,0,41.25,164974.48749999923,0.0,53.5875,445.46755
B11005774,0,85.915493,370982.3096810239,0.0,105.28169,958.82494
B11005777,0,26.966292,106870.68532358657,0.0,55.0,330.00227
B11005786,0,24.210526,107594.23158009807,0.0,51.0,318.18525
B11005790,0,54.237288,237932.06767354623,0.0,79.0,636.60569
B11005791,0,33.766234,172099.64943199544,0.0,61.0,458.5633
B11005793,0,34.146341,122192.60983997039,0.0,44.0,345.03313
B11005795,0,86.046512,312906.8371380977,0.0,145.83721,948.09133
B11005796,0,26.041667,154422.0103561671,0.0,56.0,406.46398
B11005798,0,54.945055,232554.9888944062,0.0,92.0,655.52905
B11005801,0,40.659341,185047.40664593628,0.0,70.0,509.70218
B11005803,0,75.949367,278186.30381991836,0.0,87.0,755.71781
B11005805,0,75.0,285972.0,0.0,94.0,780.6354
B11005806,0,69.387755,276342.34667972935,0.0,89.0,745.16222
B11005807,0,27.272727,105592.27274161215,0.0,47.0,312.33433
B11005809,0,56.862745,194994.76483020195,0.0,75.862745,566.22643
B11005810,0,48.780488,196222.8291718733,0.0,60.0,521.78989
B11005812,0,36.842105,141486.63168460355,0.0,74.263158,441.84434
B11005814,0,24.528302,116490.83035853479,0.0,46.0,322.87986
B11005815,0,43.678161,184569.494192769,0.0,63.0,500.15033
B11005816,0,29.761905,160343.85724550535,0.0,74.0,458.91675
B11005818,0,37.974684,176517.08845570832,0.0,59.0,469.05961
B11005819,0,21.25,71090.7874999997,0.0,38.0,228.25441
B11005820,0,50.877193,169672.57881702788,0.0,65.0,493.13514
B11005821,0,50.0,206886.0000000003,0.0,72.0,565.2652
B11005822,0,48.0,206976.15999999864,0.0,65.0,547.71386
B11005823,0,30.0,130799.99999999924,0.0,57.0,377.7156
B11005825,0,38.297872,190177.48927820087,0.0,62.0,497.55231
B11005826,0,47.916667,206626.10412429713,0.0,80.0,577.31785
B11005827,0,47.126437,199260.19550354197,0.0,66.0,535.83854
B11005829,0,26.25,88748.18750000051,0.0,39.0,267.40205
B11005830,0,66.666667,278436.9998929895,0.0,86.0,737.62133
B11005832,0,33.333333,159077.3333934196,0.0,53.666667,422.14
B11005833,0,36.363636,103968.2727616074,0.0,44.181818,320.17731
B11005835,0,22.352941,96913.96476643615,0.0,32.0,259.40441
B11005836,0,33.707865,178726.94370909978,0.0,62.0,471.08417
B11005838,0,58.333333,240971.33343016423,0.0,81.0,652.7806
B11005839,0,28.75,173919.96249999915,0.0,85.0,501.07119
B11005840,0,41.428571,161238.9713881443,0.0,53.0,438.62047
B11005841,0,44.444444,204708.55567934192,0.0,66.0,539.79538
B11005842,0,35.443038,149333.9494580673,0.0,63.0,429.15611
B11005847,0,29.411765,120050.88232000337,0.0,53.0,351.38969
B11005850,0,44.444444,212695.77790091198,0.0,67.0,554.59573
B11005851,0,62.5,316340.0,0.0,126.0,871.7023
B11005852,0,29.787234,157814.851145513,0.0,61.0,428.6449
B11005853,0,65.671642,259779.56726622212,0.0,88.0,710.04487
B11005854,0,45.714286,182528.31422388923,0.0,60.0,494.43616
B11005855,0,47.058824,199159.41184235166,0.0,75.0,553.74447
B11005856,0,56.818182,230364.8181573301,0.0,79.863636,630.82442
B11005857,0,52.5,229424.35000000082,0.0,80.0,621.93046
B11005858,0,40.0,151692.00000000026,0.0,70.6,456.37568
B11005859,0,53.846154,223424.38444547844,0.0,77.0,608.65754
B11005860,0,39.285714,122461.64290327718,0.0,50.0,366.71077
B11005861,0,23.255814,120012.46513598406,0.0,52.0,338.38061
B11005862,0,38.461538,128068.0770143235,0.0,56.076923,386.4984
B11005863,0,27.058824,109511.58827479702,0.0,50.0,324.28795
B11005864,0,38.271605,155079.41992259028,0.0,58.851852,434.98699
B11005865,0,68.571429,299048.80006455915,0.0,91.0,784.08517
B11005866,0,56.962025,221491.86069223098,0.0,78.0,613.11697
B11005867,0,44.0,174392.95999999804,0.0,58.56,475.46678
B11005868,0,92.553191,403969.8191886368,0.0,155.0,1123.8576
B11005869,0,56.0,215370.52000000208,0.0,78.0,601.61523
B11005870,0,31.818182,104514.04543165019,0.0,46.681818,318.03436
B11005871,0,84.269663,350289.4155135231,0.0,126.94382,966.56979
B11005872,0,31.395349,108139.53507176088,0.0,54.05814,337.99069
B11005873,0,77.906977,424702.4066838364,0.0,172.22093,1165.8328
B11005874,0,51.25,172408.82500000027,0.0,55.0,477.96687
B11005875,0,44.318182,167287.7954111953,0.0,49.0,445.34445
B11005876,0,28.0,127331.40000000157,0.0,51.0,356.49104
B11005877,0,36.470588,131963.39995042048,0.0,50.0,376.91673
B11005878,0,38.636364,127609.45450548193,0.0,65.522727,405.163
B11005879,0,33.333333,118965.6667264007,0.0,61.666667,374.12773
B11005880,0,83.950617,277437.44445337524,0.0,100.0,794.99226
B11005881,0,26.829268,130689.58533891843,0.0,56.0,369.89009
B11005882,0,26.0,133169.1800000007,0.0,59.0,378.44789
B11005883,0,42.0,187713.1199999994,0.0,62.16,500.50392
B11005884,0,28.985507,101456.9420633875,0.0,48.0,310.77878
B11005885,0,24.242424,115754.72734362354,0.0,47.0,323.21547
B11005886,0,35.164835,157332.15388514593,0.0,56.0,427.31383
B11005887,0,39.506173,164730.40736474853,0.0,53.0,440.79451
B11005888,0,31.325301,143273.80738565192,0.0,51.0,387.9013
B11005890,0,46.938776,187852.122330441,0.0,73.0,531.39812
B11005891,0,35.802469,151125.37030638894,0.0,54.0,414.47318
B11005892,0,41.37931,163401.3448783347,0.0,64.0,464.22163
B11005893,0,41.935484,213781.87080234475,0.0,68.0,553.90088
B11005894,0,52.0,225784.44000000128,0.0,78.0,611.1775
B11005895,0,36.111111,149488.61119321926,0.0,55.0,414.423
B11005896,0,61.333333,244387.6800794362,0.0,75.0,651.44695
B11005897,0,42.352941,177690.75300914719,0.0,66.0,492.85448
B11005898,0,28.915663,143828.81915711175,0.0,53.0,388.55381
B11005899,0,46.511628,218319.13956761066,0.0,68.0,569.28316
B11005900,0,27.941176,123245.39701813548,0.0,54.0,355.91142
B11005901,0,61.403509,228884.5439784765,0.0,76.929825,630.66629
B11005902,0,30.666667,146203.55993312734,0.0,51.0,391.41983
B11005903,0,22.580645,98609.96781397084,0.0,45.0,288.79259
B11005904,0,24.242424,111164.63642377846,0.0,52.0,325.97532
B11005905,0,33.333333,116105.66672743985,0.0,56.333333,358.77413
B11005906,0,73.015873,287395.5713979632,0.0,114.0,819.80729
B11005907,0,26.506024,114920.0723529404,0.0,49.0,329.93951
B11005908,0,53.333333,212661.66674793925,0.0,80.0,596.58933
B11005909,0,31.764706,120998.49416879269,0.0,52.047059,355.15664
B11005910,0,18.390805,78535.22995445407,0.0,45.0,249.23605
B11005911,0,23.255814,114444.3488431195,0.0,52.0,329.47163
B11005912,0,23.595506,127677.5618574363,0.0,52.0,351.24772
B11005913,0,21.83908,96063.58620193384,0.0,43.0,279.36051
B11005914,0,28.409091,136116.8635599506,0.0,52.0,373.29472
B11005915,0,39.772727,174947.59093418645,0.0,58.0,467.71914
B11005916,0,40.909091,194687.86352832947,0.0,55.0,495.25822
B11005917,0,47.826087,212017.0434203609,0.0,77.0,579.72017
B11005918,0,56.626506,247894.18090923852,0.0,83.0,664.86914
B11005919,0,64.912281,274151.0701491018,0.0,98.0,751.89941
B11005920,0,46.575342,203808.93160330557,0.0,96.0,602.76232
B11005921,0,59.756098,224383.9510365464,0.0,87.0,640.891
B11005922,0,37.5,169888.25,0.0,61.0,461.6525
B11005923,0,60.344828,247027.36207974734,0.0,90.0,684.22785
B11005924,0,72.972973,339365.5135004049,0.0,101.0,876.61265
B11005925,0,30.588235,123783.00005949991,0.0,52.0,357.42852
B11005926,0,36.363636,162210.54551845868,0.0,56.0,437.24713
B11006058,0,11.764706,125150.8236187698,0.0,61.647059,345.70005
B11006059,0,3.5714286,94984.64289610917,0.0,42.0,243.18831
B11006060,0,7.4074074,358561.000412075,0.0,149.0,887.94495
B11006061,0,2.7777778,114065.22216736096,0.0,60.0,308.68291
B11006062,0,3.030303,118105.8788927744,0.0,58.0,311.55459
B11006063,0,41.666667,273191.4998886178,0.0,90.0,692.93673
B11006064,0,2.8571429,86825.31437151914,0.0,42.0,228.86553
B11006065,0,5.0847458,97368.08489222058,0.0,47.0,259.79196
B11006066,0,7.1428571,222673.14276549063,0.0,110.92857,593.12006
B11006354,0,166.66667,625741.9998492686,0.0,235.0,1771.9085
B11006355,0,228.57143,827026.4291799421,0.0,257.71429,2249.7456
